Academic & Pre-Professional,https://clarku.campuslabs.com/engage/organization/quizbowl
Academic & Pre-Professional,https://clarku.campuslabs.com/engage/organization/biologydeistudentcouncil
Academic & Pre-Professional,https://clarku.campuslabs.com/engage/organization/cctie
Academic & Pre-Professional,https://clarku.campuslabs.com/engage/organization/c4
Academic & Pre-Professional,https://clarku.campuslabs.com/engage/organization/clarkinvestmentsandtrading
Academic & Pre-Professional,https://clarku.campuslabs.com/engage/organization/mycology
Academic & Pre-Professional,https://clarku.campuslabs.com/engage/organization/clarkundergraduategeographyassociation
Academic & Pre-Professional,https://clarku.campuslabs.com/engage/organization/deca
Academic & Pre-Professional,https://clarku.campuslabs.com/engage/organization/ethicsbowl
Academic & Pre-Professional,https://clarku.campuslabs.com/engage/organization/clarkmun
"Arts, Performance & Entertainment",https://clarku.campuslabs.com/engage/organization/adda
"Arts, Performance & Entertainment",https://clarku.campuslabs.com/engage/organization/amateurhour
"Arts, Performance & Entertainment",https://clarku.campuslabs.com/engage/organization/clarkchessclub
"Arts, Performance & Entertainment",https://clarku.campuslabs.com/engage/organization/cfps
"Arts, Performance & Entertainment",https://clarku.campuslabs.com/engage/organization/jamclub
"Arts, Performance & Entertainment",https://clarku.campuslabs.com/engage/organization/clarkmusicaltheatre
"Arts, Performance & Entertainment",https://clarku.campuslabs.com/engage/organization/clarkchoir
"Arts, Performance & Entertainment",https://clarku.campuslabs.com/engage/organization/concertband
"Arts, Performance & Entertainment",https://clarku.campuslabs.com/engage/organization/dancesociety
"Arts, Performance & Entertainment",https://clarku.campuslabs.com/engage/organization/filmsociety
"Club Sports, Athletics & Recreation",https://clarku.campuslabs.com/engage/organization/skiclub
"Club Sports, Athletics & Recreation",https://clarku.campuslabs.com/engage/organization/amac
"Club Sports, Athletics & Recreation",https://clarku.campuslabs.com/engage/organization/caic
"Club Sports, Athletics & Recreation",https://clarku.campuslabs.com/engage/organization/clarkchessclub
"Club Sports, Athletics & Recreation",https://clarku.campuslabs.com/engage/organization/climbingclub
"Club Sports, Athletics & Recreation",https://clarku.campuslabs.com/engage/organization/hoopcity
"Club Sports, Athletics & Recreation",https://clarku.campuslabs.com/engage/organization/golf
"Club Sports, Athletics & Recreation",https://clarku.campuslabs.com/engage/organization/icehockey
"Club Sports, Athletics & Recreation",https://clarku.campuslabs.com/engage/organization/discgolf
"Club Sports, Athletics & Recreation",https://clarku.campuslabs.com/engage/organization/figureskating
Community Engagement & Service,https://clarku.campuslabs.com/engage/organization/activistsunited
Community Engagement & Service,https://clarku.campuslabs.com/engage/organization/allkindsofgrowth
Community Engagement & Service,https://clarku.campuslabs.com/engage/organization/amnestyinternational
Community Engagement & Service,https://clarku.campuslabs.com/engage/organization/arboretumadvocates
Community Engagement & Service,https://clarku.campuslabs.com/engage/organization/challahforhunger
Community Engagement & Service,https://clarku.campuslabs.com/engage/organization/choices
Community Engagement & Service,https://clarku.campuslabs.com/engage/organization/cctie
Community Engagement & Service,https://clarku.campuslabs.com/engage/organization/clarkcollective
Community Engagement & Service,https://clarku.campuslabs.com/engage/organization/cec
Community Engagement & Service,https://clarku.campuslabs.com/engage/organization/clarkenvironmentalaction
Cultural & Diversity,https://clarku.campuslabs.com/engage/organization/adda
Cultural & Diversity,https://clarku.campuslabs.com/engage/organization/asu
Cultural & Diversity,https://clarku.campuslabs.com/engage/organization/clarkblackstudentunion
Cultural & Diversity,https://clarku.campuslabs.com/engage/organization/caribbeanafricanstudentassociation
Cultural & Diversity,https://clarku.campuslabs.com/engage/organization/challahforhunger
Cultural & Diversity,https://clarku.campuslabs.com/engage/organization/caic
Cultural & Diversity,https://clarku.campuslabs.com/engage/organization/jstreet
Cultural & Diversity,https://clarku.campuslabs.com/engage/organization/clarkuhillel
Cultural & Diversity,https://clarku.campuslabs.com/engage/organization/fls
Cultural & Diversity,https://clarku.campuslabs.com/engage/organization/isrc
Global & Environmental,https://clarku.campuslabs.com/engage/organization/amnestyinternational
Global & Environmental,https://clarku.campuslabs.com/engage/organization/arboretumadvocates
Global & Environmental,https://clarku.campuslabs.com/engage/organization/clarkenvironmentalaction
Global & Environmental,https://clarku.campuslabs.com/engage/organization/clarkmun
Global & Environmental,https://clarku.campuslabs.com/engage/organization/herbangardeners
Global & Environmental,https://clarku.campuslabs.com/engage/organization/independentsocialistgroup
Global & Environmental,https://clarku.campuslabs.com/engage/organization/isrc
Global & Environmental,https://clarku.campuslabs.com/engage/organization/internationalstudentsassociation
Global & Environmental,https://clarku.campuslabs.com/engage/organization/beekeepers
Governance & Politics,https://clarku.campuslabs.com/engage/organization/activistsunited
Governance & Politics,https://clarku.campuslabs.com/engage/organization/amnestyinternational
Governance & Politics,https://clarku.campuslabs.com/engage/organization/studentcouncil
Governance & Politics,https://clarku.campuslabs.com/engage/organization/jstreet
Governance & Politics,https://clarku.campuslabs.com/engage/organization/clarkmun
Governance & Politics,https://clarku.campuslabs.com/engage/organization/democratsofclarkuniversity
Governance & Politics,https://clarku.campuslabs.com/engage/organization/independentsocialistgroup
Governance & Politics,https://clarku.campuslabs.com/engage/organization/mocktrial
Governance & Politics,https://clarku.campuslabs.com/engage/organization/prelawsociety
Governance & Politics,https://clarku.campuslabs.com/engage/organization/prochoice
Graduate Student Organizations,https://clarku.campuslabs.com/engage/organization/amasom
Graduate Student Organizations,https://clarku.campuslabs.com/engage/organization/cccsom
Graduate Student Organizations,https://clarku.campuslabs.com/engage/organization/cwbsom
Graduate Student Organizations,https://clarku.campuslabs.com/engage/organization/gsc
Graduate Student Organizations,https://clarku.campuslabs.com/engage/organization/idcesa
Graduate Student Organizations,https://clarku.campuslabs.com/engage/organization/somsc
Offices,https://clarku.campuslabs.com/engage/organization/nec
Offices,https://clarku.campuslabs.com/engage/organization/aac
Offices,https://clarku.campuslabs.com/engage/organization/clarkualumni
Offices,https://clarku.campuslabs.com/engage/organization/alci
Offices,https://clarku.campuslabs.com/engage/organization/athletics
Offices,https://clarku.campuslabs.com/engage/organization/bsdt
Offices,https://clarku.campuslabs.com/engage/organization/careerservices
Offices,https://clarku.campuslabs.com/engage/organization/cpg
Offices,https://clarku.campuslabs.com/engage/organization/cgras
Offices,https://clarku.campuslabs.com/engage/organization/wellnesseducation
Publications & Media,https://clarku.campuslabs.com/engage/organization/cfps
Publications & Media,https://clarku.campuslabs.com/engage/organization/studentvoices
Publications & Media,https://clarku.campuslabs.com/engage/organization/filmsociety
Publications & Media,https://clarku.campuslabs.com/engage/organization/clarkwrites
Publications & Media,https://clarku.campuslabs.com/engage/organization/radioofclarkuniversity
Publications & Media,https://clarku.campuslabs.com/engage/organization/space
Publications & Media,https://clarku.campuslabs.com/engage/organization/surj
Publications & Media,https://clarku.campuslabs.com/engage/organization/thephotographysociety
Publications & Media,https://clarku.campuslabs.com/engage/organization/scarlet
Religious & Spiritual,https://clarku.campuslabs.com/engage/organization/clarkuhillel
Religious & Spiritual,https://clarku.campuslabs.com/engage/organization/intervarsitychristianfellowhip
Religious & Spiritual,https://clarku.campuslabs.com/engage/organization/muslimculturalsociety
Residence Halls,https://clarku.campuslabs.com/engage/organization/affinityhousing
Residence Halls,https://clarku.campuslabs.com/engage/organization/blackstone
Residence Halls,https://clarku.campuslabs.com/engage/organization/bullock
Residence Halls,https://clarku.campuslabs.com/engage/organization/chandlervillage
Residence Halls,https://clarku.campuslabs.com/engage/organization/dana
Residence Halls,https://clarku.campuslabs.com/engage/organization/dodd
Residence Halls,https://clarku.campuslabs.com/engage/organization/hughes
Residence Halls,https://clarku.campuslabs.com/engage/organization/jsc
Residence Halls,https://clarku.campuslabs.com/engage/organization/maywood
Residence Halls,https://clarku.campuslabs.com/engage/organization/wright
Academic / Professional,https://settersyncplv.pace.edu/organization/activeminds_plv
Academic / Professional,https://settersyncplv.pace.edu/organization/tribeta
Academic / Professional,https://settersyncplv.pace.edu/organization/career-services
Academic / Professional,https://settersyncplv.pace.edu/organization/chemistry-club
Academic / Professional,https://settersyncplv.pace.edu/organization/criminal-justice-society
Academic / Professional,https://settersyncplv.pace.edu/organization/deipeerfacilitatorsplv
Academic / Professional,https://settersyncplv.pace.edu/organization/delta-sigma-pi
Academic / Professional,https://settersyncplv.pace.edu/organization/elm-hall
Academic / Professional,https://settersyncplv.pace.edu/organization/firstgenplv
Academic / Professional,https://settersyncplv.pace.edu/organization/future-educators-association
Advocacy,https://settersyncplv.pace.edu/organization/activeminds_plv
Advocacy,https://settersyncplv.pace.edu/organization/asian-student-union
Advocacy,https://settersyncplv.pace.edu/organization/black-student-union
Advocacy,https://settersyncplv.pace.edu/organization/center-for-community-action-research-plv
Advocacy,https://settersyncplv.pace.edu/organization/chemistry-club
Advocacy,https://settersyncplv.pace.edu/organization/colleges-against-cancer
Advocacy,https://settersyncplv.pace.edu/organization/deipeerfacilitatorsplv
Advocacy,https://settersyncplv.pace.edu/organization/dominican-student-association
Advocacy,https://settersyncplv.pace.edu/organization/firstgenplv
Advocacy,https://settersyncplv.pace.edu/organization/gamma-sigma-sigma
Athletic & Club Sports,https://settersyncplv.pace.edu/organization/hip-hop-dance-club
Athletic & Club Sports,https://settersyncplv.pace.edu/organization/pace-athletics
Cultural / Identity Based,https://settersyncplv.pace.edu/organization/activeminds_plv
Cultural / Identity Based,https://settersyncplv.pace.edu/organization/alpha-phi-alpha
Cultural / Identity Based,https://settersyncplv.pace.edu/organization/asian-student-union
Cultural / Identity Based,https://settersyncplv.pace.edu/organization/black-student-union
Cultural / Identity Based,https://settersyncplv.pace.edu/organization/cosmetologyclub
Cultural / Identity Based,https://settersyncplv.pace.edu/organization/christian-fellowship-club
Cultural / Identity Based,https://settersyncplv.pace.edu/organization/dominican-student-association
Cultural / Identity Based,https://settersyncplv.pace.edu/organization/firstgenplv
Cultural / Identity Based,https://settersyncplv.pace.edu/organization/hip-hop-dance-club
Cultural / Identity Based,https://settersyncplv.pace.edu/organization/lambda-upsilon-lambda
Departmental,https://settersyncplv.pace.edu/organization/advisors-for-student-organizations
Departmental,https://settersyncplv.pace.edu/organization/alumnihall
Departmental,https://settersyncplv.pace.edu/organization/tribeta
Departmental,https://settersyncplv.pace.edu/organization/career-services
Departmental,https://settersyncplv.pace.edu/organization/center-for-community-action-research-plv
Departmental,https://settersyncplv.pace.edu/organization/elm-hall
Departmental,https://settersyncplv.pace.edu/organization/environmental-pace
Departmental,https://settersyncplv.pace.edu/organization/martin-hall
Departmental,https://settersyncplv.pace.edu/organization/mcva
Departmental,https://settersyncplv.pace.edu/organization/mortola-library
Fraternity & Sorority Life,https://settersyncplv.pace.edu/organization/axe
Fraternity & Sorority Life,https://settersyncplv.pace.edu/organization/alpha-chi-rho
Fraternity & Sorority Life,https://settersyncplv.pace.edu/organization/alphakappaalphaoh1908
Fraternity & Sorority Life,https://settersyncplv.pace.edu/organization/alpha-phi-alpha
Fraternity & Sorority Life,https://settersyncplv.pace.edu/organization/alpha-phi-delta
Fraternity & Sorority Life,https://settersyncplv.pace.edu/organization/dke
Fraternity & Sorority Life,https://settersyncplv.pace.edu/organization/delta-phi-epsilon
Fraternity & Sorority Life,https://settersyncplv.pace.edu/organization/delta-sigma-pi
Fraternity & Sorority Life,https://settersyncplv.pace.edu/organization/gamma-sigma-sigma
Fraternity & Sorority Life,https://settersyncplv.pace.edu/organization/interfraternity-council
Honor Societies,https://settersyncplv.pace.edu/organization/tribeta
Honor Societies,https://settersyncplv.pace.edu/organization/lambda-sigma
Honor Societies,https://settersyncplv.pace.edu/organization/omicron-delta-kappa
Honor Societies,https://settersyncplv.pace.edu/organization/paceprehealth
Honor Societies,https://settersyncplv.pace.edu/organization/pforzheimer-honors-college-plv
Institutional,https://settersyncplv.pace.edu/organization/alumnihall
Institutional,https://settersyncplv.pace.edu/organization/center-for-community-action-research-plv
Institutional,https://settersyncplv.pace.edu/organization/elm-hall
Institutional,https://settersyncplv.pace.edu/organization/firstgenplv
Institutional,https://settersyncplv.pace.edu/organization/future-educators-association
Institutional,https://settersyncplv.pace.edu/organization/spiritambassadors
Institutional,https://settersyncplv.pace.edu/organization/pforzheimer-honors-college-plv
Institutional,https://settersyncplv.pace.edu/organization/programming-board
Institutional,https://settersyncplv.pace.edu/organization/residence-hall-association
Institutional,https://settersyncplv.pace.edu/organization/student-government-association
Media & Arts,https://settersyncplv.pace.edu/organization/chroma
Media & Arts,https://settersyncplv.pace.edu/organization/cosmetologyclub
Media & Arts,https://settersyncplv.pace.edu/organization/hip-hop-dance-club
Media & Arts,https://settersyncplv.pace.edu/organization/mcva
Media & Arts,https://settersyncplv.pace.edu/organization/onepace
Media & Arts,https://settersyncplv.pace.edu/organization/the-film-club-pace
Media & Arts,https://settersyncplv.pace.edu/organization/pmz
Media & Arts,https://settersyncplv.pace.edu/organization/programming-board
Media & Arts,https://settersyncplv.pace.edu/organization/soca
Media & Arts,https://settersyncplv.pace.edu/organization/thehouseofstyle
Special Interest,https://settersyncplv.pace.edu/organization/activeminds_plv
Special Interest,https://settersyncplv.pace.edu/organization/center-for-community-action-research-plv
Special Interest,https://settersyncplv.pace.edu/organization/chemistry-club
Special Interest,https://settersyncplv.pace.edu/organization/cosmetologyclub
Special Interest,https://settersyncplv.pace.edu/organization/christian-fellowship-club
Special Interest,https://settersyncplv.pace.edu/organization/firstgenplv
Special Interest,https://settersyncplv.pace.edu/organization/future-educators-association
Special Interest,https://settersyncplv.pace.edu/organization/gamma-sigma-sigma
Special Interest,https://settersyncplv.pace.edu/organization/nature
Special Interest,https://settersyncplv.pace.edu/organization/onepace
Academic,https://packlife.iue.edu/organization/academicsupportprograms
Academic,https://packlife.iue.edu/organization/bap
Academic,https://packlife.iue.edu/organization/businessclub
Academic,https://packlife.iue.edu/organization/www-iue-edu
Academic,https://packlife.iue.edu/organization/history
Academic,https://packlife.iue.edu/organization/honorsclub
Academic,https://packlife.iue.edu/organization/imastudentchapter
Academic,https://packlife.iue.edu/organization/botanyclub
Academic,https://packlife.iue.edu/organization/nsna
Academic,https://packlife.iue.edu/organization/ppc
Academic,https://packlife.iue.edu/organization/psychclub
Academic,https://packlife.iue.edu/organization/campuschristianfellowship
Academic,https://packlife.iue.edu/organization/sigmataudelta
Academic,https://packlife.iue.edu/organization/tri_beta
Academic,https://packlife.iue.edu/organization/servicelearning
Academic,https://packlife.iue.edu/organization/circlekinternational
Academic,https://packlife.iue.edu/organization/cdinatiue
Academic,https://packlife.iue.edu/organization/communicationcenter
Campus Department,https://packlife.iue.edu/organization/academicsupportprograms
Campus Department,https://packlife.iue.edu/organization/bap
Campus Department,https://packlife.iue.edu/organization/www-iue-edu
Campus Department,https://packlife.iue.edu/organization/servicelearning
Campus Department,https://packlife.iue.edu/organization/communicationcenter
Campus Department,https://packlife.iue.edu/organization/history
Campus Department,https://packlife.iue.edu/organization/diversity
Campus Department,https://packlife.iue.edu/organization/botanyclub
Campus Department,https://packlife.iue.edu/organization/mathcenter
Campus Department,https://packlife.iue.edu/organization/businessclub
Campus Department,https://packlife.iue.edu/organization/campuslife
Campus Department,https://packlife.iue.edu/organization/campuschristianfellowship
Campus Department,https://packlife.iue.edu/organization/iuecareerservices
Campus Department,https://packlife.iue.edu/organization/honorsclub
Campus Department,https://packlife.iue.edu/organization/financialaid
Campus Department,https://packlife.iue.edu/organization/studentsuccess
Campus Department,https://packlife.iue.edu/organization/circlekinternational
Campus Department,https://packlife.iue.edu/organization/iueredwolves
Campus Department,https://packlife.iue.edu/organization/imastudentchapter
Campus Department,https://packlife.iue.edu/organization/cdinatiue
Campus Department,https://packlife.iue.edu/organization/nsna
Campus Department,https://packlife.iue.edu/organization/ppc
Campus Department,https://packlife.iue.edu/organization/psychclub
Campus Department,https://packlife.iue.edu/organization/sigmataudelta
Campus Department,https://packlife.iue.edu/organization/tri_beta
Campus Life Sponsored Groups,https://packlife.iue.edu/organization/academicsupportprograms
Campus Life Sponsored Groups,https://packlife.iue.edu/organization/www-iue-edu
Campus Life Sponsored Groups,https://packlife.iue.edu/organization/botanyclub
Campus Life Sponsored Groups,https://packlife.iue.edu/organization/bap
Campus Life Sponsored Groups,https://packlife.iue.edu/organization/businessclub
Campus Life Sponsored Groups,https://packlife.iue.edu/organization/campuschristianfellowship
Campus Life Sponsored Groups,https://packlife.iue.edu/organization/circlekinternational
Campus Life Sponsored Groups,https://packlife.iue.edu/organization/diversity
Campus Life Sponsored Groups,https://packlife.iue.edu/organization/fca
Campus Life Sponsored Groups,https://packlife.iue.edu/organization/iueastesports
Campus Life Sponsored Groups,https://packlife.iue.edu/organization/servicelearning
Campus Life Sponsored Groups,https://packlife.iue.edu/organization/geekcultureclub
Campus Life Sponsored Groups,https://packlife.iue.edu/organization/mathcenter
Campus Life Sponsored Groups,https://packlife.iue.edu/organization/howlcrowd
Campus Life Sponsored Groups,https://packlife.iue.edu/organization/multicultural
Campus Life Sponsored Groups,https://packlife.iue.edu/organization/cdinatiue
Campus Life Sponsored Groups,https://packlife.iue.edu/organization/history
Campus Life Sponsored Groups,https://packlife.iue.edu/organization/communicationcenter
Campus Life Sponsored Groups,https://packlife.iue.edu/organization/campuslife
Campus Life Sponsored Groups,https://packlife.iue.edu/organization/iuecareerservices
Campus Life Sponsored Groups,https://packlife.iue.edu/organization/financialaid
Campus Life Sponsored Groups,https://packlife.iue.edu/organization/studentsuccess
Campus Life Sponsored Groups,https://packlife.iue.edu/organization/iueredwolves
Campus Life Sponsored Groups,https://packlife.iue.edu/organization/honorsclub
Campus Life Sponsored Groups,https://packlife.iue.edu/organization/imastudentchapter
Campus Life Sponsored Groups,https://packlife.iue.edu/organization/nsna
Campus Life Sponsored Groups,https://packlife.iue.edu/organization/ppc
Campus Life Sponsored Groups,https://packlife.iue.edu/organization/psychclub
Campus Life Sponsored Groups,https://packlife.iue.edu/organization/sigmataudelta
Campus Life Sponsored Groups,https://packlife.iue.edu/organization/tri_beta
Fellowship and Spiritual Groups,https://packlife.iue.edu/organization/academicsupportprograms
Fellowship and Spiritual Groups,https://packlife.iue.edu/organization/campuschristianfellowship
Fellowship and Spiritual Groups,https://packlife.iue.edu/organization/www-iue-edu
Fellowship and Spiritual Groups,https://packlife.iue.edu/organization/fca
Fellowship and Spiritual Groups,https://packlife.iue.edu/organization/bap
Fellowship and Spiritual Groups,https://packlife.iue.edu/organization/botanyclub
Fellowship and Spiritual Groups,https://packlife.iue.edu/organization/businessclub
Fellowship and Spiritual Groups,https://packlife.iue.edu/organization/servicelearning
Fellowship and Spiritual Groups,https://packlife.iue.edu/organization/circlekinternational
Fellowship and Spiritual Groups,https://packlife.iue.edu/organization/cdinatiue
Fellowship and Spiritual Groups,https://packlife.iue.edu/organization/iueastesports
Fellowship and Spiritual Groups,https://packlife.iue.edu/organization/communicationcenter
Fellowship and Spiritual Groups,https://packlife.iue.edu/organization/diversity
Fellowship and Spiritual Groups,https://packlife.iue.edu/organization/geekcultureclub
Fellowship and Spiritual Groups,https://packlife.iue.edu/organization/howlcrowd
Fellowship and Spiritual Groups,https://packlife.iue.edu/organization/multicultural
Fellowship and Spiritual Groups,https://packlife.iue.edu/organization/mathcenter
Fellowship and Spiritual Groups,https://packlife.iue.edu/organization/history
Fellowship and Spiritual Groups,https://packlife.iue.edu/organization/campuslife
Fellowship and Spiritual Groups,https://packlife.iue.edu/organization/iuecareerservices
Fellowship and Spiritual Groups,https://packlife.iue.edu/organization/financialaid
Fellowship and Spiritual Groups,https://packlife.iue.edu/organization/studentsuccess
Fellowship and Spiritual Groups,https://packlife.iue.edu/organization/iueredwolves
Fellowship and Spiritual Groups,https://packlife.iue.edu/organization/honorsclub
Fellowship and Spiritual Groups,https://packlife.iue.edu/organization/imastudentchapter
Fellowship and Spiritual Groups,https://packlife.iue.edu/organization/nsna
Fellowship and Spiritual Groups,https://packlife.iue.edu/organization/ppc
Fellowship and Spiritual Groups,https://packlife.iue.edu/organization/psychclub
Fellowship and Spiritual Groups,https://packlife.iue.edu/organization/sigmataudelta
Fellowship and Spiritual Groups,https://packlife.iue.edu/organization/tri_beta
Honoraries,https://packlife.iue.edu/organization/academicsupportprograms
Honoraries,https://packlife.iue.edu/organization/bap
Honoraries,https://packlife.iue.edu/organization/www-iue-edu
Honoraries,https://packlife.iue.edu/organization/imastudentchapter
Honoraries,https://packlife.iue.edu/organization/fca
Honoraries,https://packlife.iue.edu/organization/tri_beta
Honoraries,https://packlife.iue.edu/organization/botanyclub
Honoraries,https://packlife.iue.edu/organization/businessclub
Honoraries,https://packlife.iue.edu/organization/campuschristianfellowship
Honoraries,https://packlife.iue.edu/organization/servicelearning
Honoraries,https://packlife.iue.edu/organization/circlekinternational
Honoraries,https://packlife.iue.edu/organization/cdinatiue
Honoraries,https://packlife.iue.edu/organization/communicationcenter
Honoraries,https://packlife.iue.edu/organization/iueastesports
Honoraries,https://packlife.iue.edu/organization/diversity
Honoraries,https://packlife.iue.edu/organization/geekcultureclub
Honoraries,https://packlife.iue.edu/organization/howlcrowd
Honoraries,https://packlife.iue.edu/organization/multicultural
Honoraries,https://packlife.iue.edu/organization/mathcenter
Honoraries,https://packlife.iue.edu/organization/history
Honoraries,https://packlife.iue.edu/organization/campuslife
Honoraries,https://packlife.iue.edu/organization/iuecareerservices
Honoraries,https://packlife.iue.edu/organization/financialaid
Honoraries,https://packlife.iue.edu/organization/studentsuccess
Honoraries,https://packlife.iue.edu/organization/iueredwolves
Honoraries,https://packlife.iue.edu/organization/honorsclub
Honoraries,https://packlife.iue.edu/organization/nsna
Honoraries,https://packlife.iue.edu/organization/ppc
Honoraries,https://packlife.iue.edu/organization/psychclub
Honoraries,https://packlife.iue.edu/organization/sigmataudelta
Special Interest Group,https://packlife.iue.edu/organization/academicsupportprograms
Special Interest Group,https://packlife.iue.edu/organization/businessclub
Special Interest Group,https://packlife.iue.edu/organization/www-iue-edu
Special Interest Group,https://packlife.iue.edu/organization/campuschristianfellowship
Special Interest Group,https://packlife.iue.edu/organization/circlekinternational
Special Interest Group,https://packlife.iue.edu/organization/bap
Special Interest Group,https://packlife.iue.edu/organization/cdinatiue
Special Interest Group,https://packlife.iue.edu/organization/botanyclub
Special Interest Group,https://packlife.iue.edu/organization/diversity
Special Interest Group,https://packlife.iue.edu/organization/fds
Special Interest Group,https://packlife.iue.edu/organization/tri_beta
Special Interest Group,https://packlife.iue.edu/organization/geekcultureclub
Special Interest Group,https://packlife.iue.edu/organization/history
Special Interest Group,https://packlife.iue.edu/organization/servicelearning
Special Interest Group,https://packlife.iue.edu/organization/imastudentchapter
Special Interest Group,https://packlife.iue.edu/organization/fca
Special Interest Group,https://packlife.iue.edu/organization/medlifeiue
Special Interest Group,https://packlife.iue.edu/organization/communicationcenter
Special Interest Group,https://packlife.iue.edu/organization/iueastesports
Special Interest Group,https://packlife.iue.edu/organization/howlcrowd
Special Interest Group,https://packlife.iue.edu/organization/multicultural
Special Interest Group,https://packlife.iue.edu/organization/mathcenter
Special Interest Group,https://packlife.iue.edu/organization/campuslife
Special Interest Group,https://packlife.iue.edu/organization/iuecareerservices
Special Interest Group,https://packlife.iue.edu/organization/financialaid
Special Interest Group,https://packlife.iue.edu/organization/studentsuccess
Special Interest Group,https://packlife.iue.edu/organization/iueredwolves
Special Interest Group,https://packlife.iue.edu/organization/honorsclub
Special Interest Group,https://packlife.iue.edu/organization/nsna
Special Interest Group,https://packlife.iue.edu/organization/ppc
Special Interest Group,https://packlife.iue.edu/organization/psychclub
Special Interest Group,https://packlife.iue.edu/organization/sigmataudelta
,https://involved.hccc.edu/organization/asl
,https://involved.hccc.edu/organization/activemindshccc
,https://involved.hccc.edu/organization/hudson_tutorial
,https://involved.hccc.edu/organization/acs
,https://involved.hccc.edu/organization/academicadvising
,https://involved.hccc.edu/organization/artanddesignclub
,https://involved.hccc.edu/organization/aesnj
,https://involved.hccc.edu/organization/biologyclub
,https://involved.hccc.edu/organization/bsu
,https://involved.hccc.edu/organization/businessaccountingclub
,https://involved.hccc.edu/organization/ctli
,https://involved.hccc.edu/organization/computerscienceclub
,https://involved.hccc.edu/organization/culinaryclub
,https://involved.hccc.edu/organization/asl
,https://involved.hccc.edu/organization/culturalaffairs
,https://involved.hccc.edu/organization/activemindshccc
,https://involved.hccc.edu/organization/genzunfiltered
,https://involved.hccc.edu/organization/hudson_tutorial
,https://involved.hccc.edu/organization/hccclibraries
,https://involved.hccc.edu/organization/academicadvising
,https://involved.hccc.edu/organization/h4c
,https://involved.hccc.edu/organization/aesnj
,https://involved.hccc.edu/organization/literaryclub
,https://involved.hccc.edu/organization/acs
,https://involved.hccc.edu/organization/skd
,https://involved.hccc.edu/organization/artanddesignclub
,https://involved.hccc.edu/organization/sga
,https://involved.hccc.edu/organization/biologyclub
,https://involved.hccc.edu/organization/studentprogrammingboard
,https://involved.hccc.edu/organization/bsu
,https://involved.hccc.edu/organization/thelatinsociety
,https://involved.hccc.edu/organization/businessaccountingclub
,https://involved.hccc.edu/organization/ctli
,https://involved.hccc.edu/organization/computerscienceclub
,https://involved.hccc.edu/organization/culinaryclub
,https://involved.hccc.edu/organization/asl
,https://involved.hccc.edu/organization/businessaccountingclub
,https://involved.hccc.edu/organization/culturalaffairs
,https://involved.hccc.edu/organization/cdc
,https://involved.hccc.edu/organization/activemindshccc
,https://involved.hccc.edu/organization/computerscienceclub
,https://involved.hccc.edu/organization/hudson_tutorial
,https://involved.hccc.edu/organization/cybersecurity
,https://involved.hccc.edu/organization/genzunfiltered
,https://involved.hccc.edu/organization/eof
,https://involved.hccc.edu/organization/academicadvising
,https://involved.hccc.edu/organization/environmentalclub
,https://involved.hccc.edu/organization/aesnj
,https://involved.hccc.edu/organization/girlswhocodeclub
,https://involved.hccc.edu/organization/acs
,https://involved.hccc.edu/organization/alumniservices
,https://involved.hccc.edu/organization/hccclibraries
,https://involved.hccc.edu/organization/artanddesignclub
,https://involved.hccc.edu/organization/hscc
,https://involved.hccc.edu/organization/biologyclub
,https://involved.hccc.edu/organization/h4c
,https://involved.hccc.edu/organization/bsu
,https://involved.hccc.edu/organization/literaryclub
,https://involved.hccc.edu/organization/skd
,https://involved.hccc.edu/organization/sga
,https://involved.hccc.edu/organization/studentprogrammingboard
,https://involved.hccc.edu/organization/thelatinsociety
,https://involved.hccc.edu/organization/ctli
,https://involved.hccc.edu/organization/culinaryclub
,https://involved.hccc.edu/organization/asl
,https://involved.hccc.edu/organization/bsu
,https://involved.hccc.edu/organization/activemindshccc
,https://involved.hccc.edu/organization/ctli
,https://involved.hccc.edu/organization/cdc
,https://involved.hccc.edu/organization/culturalaffairs
,https://involved.hccc.edu/organization/hudson_tutorial
,https://involved.hccc.edu/organization/frenchclub
,https://involved.hccc.edu/organization/academicadvising
,https://involved.hccc.edu/organization/genzunfiltered
,https://involved.hccc.edu/organization/hccclibraries
,https://involved.hccc.edu/organization/aesnj
,https://involved.hccc.edu/organization/kultura
,https://involved.hccc.edu/organization/acs
,https://involved.hccc.edu/organization/literaryclub
,https://involved.hccc.edu/organization/computerscienceclub
,https://involved.hccc.edu/organization/pacdeistudentactiongroup
,https://involved.hccc.edu/organization/artanddesignclub
,https://involved.hccc.edu/organization/studentprogrammingboard
,https://involved.hccc.edu/organization/biologyclub
,https://involved.hccc.edu/organization/cybersecurity
,https://involved.hccc.edu/organization/businessaccountingclub
,https://involved.hccc.edu/organization/eof
,https://involved.hccc.edu/organization/environmentalclub
,https://involved.hccc.edu/organization/girlswhocodeclub
,https://involved.hccc.edu/organization/alumniservices
,https://involved.hccc.edu/organization/hscc
,https://involved.hccc.edu/organization/h4c
,https://involved.hccc.edu/organization/skd
,https://involved.hccc.edu/organization/sga
,https://involved.hccc.edu/organization/thelatinsociety
,https://involved.hccc.edu/organization/culinaryclub
Academic,https://packlife.iue.edu/organization/bap
Academic,https://packlife.iue.edu/organization/businessclub
Academic,https://packlife.iue.edu/organization/history
Academic,https://packlife.iue.edu/organization/honorsclub
Academic,https://packlife.iue.edu/organization/imastudentchapter
Academic,https://packlife.iue.edu/organization/nsna
Academic,https://packlife.iue.edu/organization/ppc
Academic,https://packlife.iue.edu/organization/psychclub
Academic,https://packlife.iue.edu/organization/sigmataudelta
Academic,https://packlife.iue.edu/organization/tri_beta
Campus Department,https://packlife.iue.edu/organization/bap
Campus Department,https://packlife.iue.edu/organization/servicelearning
Campus Department,https://packlife.iue.edu/organization/communicationcenter
Campus Department,https://packlife.iue.edu/organization/diversity
Campus Department,https://packlife.iue.edu/organization/mathcenter
Campus Department,https://packlife.iue.edu/organization/campuslife
Campus Department,https://packlife.iue.edu/organization/iuecareerservices
Campus Department,https://packlife.iue.edu/organization/financialaid
Campus Department,https://packlife.iue.edu/organization/studentsuccess
Campus Department,https://packlife.iue.edu/organization/iueredwolves
Campus Life Sponsored Groups,https://packlife.iue.edu/organization/www-iue-edu
Campus Life Sponsored Groups,https://packlife.iue.edu/organization/botanyclub
Campus Life Sponsored Groups,https://packlife.iue.edu/organization/businessclub
Campus Life Sponsored Groups,https://packlife.iue.edu/organization/campuschristianfellowship
Campus Life Sponsored Groups,https://packlife.iue.edu/organization/circlekinternational
Campus Life Sponsored Groups,https://packlife.iue.edu/organization/fca
Campus Life Sponsored Groups,https://packlife.iue.edu/organization/iueastesports
Campus Life Sponsored Groups,https://packlife.iue.edu/organization/geekcultureclub
Campus Life Sponsored Groups,https://packlife.iue.edu/organization/howlcrowd
Campus Life Sponsored Groups,https://packlife.iue.edu/organization/multicultural
Fellowship and Spiritual Groups,https://packlife.iue.edu/organization/campuschristianfellowship
Fellowship and Spiritual Groups,https://packlife.iue.edu/organization/fca
Honoraries,https://packlife.iue.edu/organization/bap
Honoraries,https://packlife.iue.edu/organization/imastudentchapter
Honoraries,https://packlife.iue.edu/organization/tri_beta
Special Interest Group,https://packlife.iue.edu/organization/businessclub
Special Interest Group,https://packlife.iue.edu/organization/campuschristianfellowship
Special Interest Group,https://packlife.iue.edu/organization/circlekinternational
Special Interest Group,https://packlife.iue.edu/organization/cdinatiue
Special Interest Group,https://packlife.iue.edu/organization/diversity
Special Interest Group,https://packlife.iue.edu/organization/fds
Special Interest Group,https://packlife.iue.edu/organization/geekcultureclub
Special Interest Group,https://packlife.iue.edu/organization/history
Special Interest Group,https://packlife.iue.edu/organization/imastudentchapter
Special Interest Group,https://packlife.iue.edu/organization/medlifeiue
Academic,https://packlife.iue.edu/organization/bap
Academic,https://packlife.iue.edu/organization/businessclub
Academic,https://packlife.iue.edu/organization/history
Academic,https://packlife.iue.edu/organization/honorsclub
Academic,https://packlife.iue.edu/organization/imastudentchapter
Academic,https://packlife.iue.edu/organization/nsna
Academic,https://packlife.iue.edu/organization/ppc
Academic,https://packlife.iue.edu/organization/psychclub
Academic,https://packlife.iue.edu/organization/sigmataudelta
Academic,https://packlife.iue.edu/organization/tri_beta
Campus Department,https://packlife.iue.edu/organization/bap
Campus Department,https://packlife.iue.edu/organization/servicelearning
Campus Department,https://packlife.iue.edu/organization/communicationcenter
Campus Department,https://packlife.iue.edu/organization/diversity
Campus Department,https://packlife.iue.edu/organization/mathcenter
Campus Department,https://packlife.iue.edu/organization/campuslife
Campus Department,https://packlife.iue.edu/organization/iuecareerservices
Campus Department,https://packlife.iue.edu/organization/financialaid
Campus Department,https://packlife.iue.edu/organization/studentsuccess
Campus Department,https://packlife.iue.edu/organization/iueredwolves
Campus Life Sponsored Groups,https://packlife.iue.edu/organization/www-iue-edu
Campus Life Sponsored Groups,https://packlife.iue.edu/organization/botanyclub
Campus Life Sponsored Groups,https://packlife.iue.edu/organization/businessclub
Campus Life Sponsored Groups,https://packlife.iue.edu/organization/campuschristianfellowship
Campus Life Sponsored Groups,https://packlife.iue.edu/organization/circlekinternational
Campus Life Sponsored Groups,https://packlife.iue.edu/organization/fca
Campus Life Sponsored Groups,https://packlife.iue.edu/organization/iueastesports
Campus Life Sponsored Groups,https://packlife.iue.edu/organization/geekcultureclub
Campus Life Sponsored Groups,https://packlife.iue.edu/organization/howlcrowd
Campus Life Sponsored Groups,https://packlife.iue.edu/organization/multicultural
Fellowship and Spiritual Groups,https://packlife.iue.edu/organization/campuschristianfellowship
Fellowship and Spiritual Groups,https://packlife.iue.edu/organization/fca
Honoraries,https://packlife.iue.edu/organization/bap
Honoraries,https://packlife.iue.edu/organization/imastudentchapter
Honoraries,https://packlife.iue.edu/organization/tri_beta
Special Interest Group,https://packlife.iue.edu/organization/businessclub
Special Interest Group,https://packlife.iue.edu/organization/campuschristianfellowship
Special Interest Group,https://packlife.iue.edu/organization/circlekinternational
Special Interest Group,https://packlife.iue.edu/organization/cdinatiue
Special Interest Group,https://packlife.iue.edu/organization/diversity
Special Interest Group,https://packlife.iue.edu/organization/fds
Special Interest Group,https://packlife.iue.edu/organization/geekcultureclub
Special Interest Group,https://packlife.iue.edu/organization/history
Special Interest Group,https://packlife.iue.edu/organization/imastudentchapter
Special Interest Group,https://packlife.iue.edu/organization/medlifeiue
Academic,https://involved.hccc.edu/organization/asl
Academic,https://involved.hccc.edu/organization/hudson_tutorial
Academic,https://involved.hccc.edu/organization/acs
Academic,https://involved.hccc.edu/organization/artanddesignclub
Academic,https://involved.hccc.edu/organization/biologyclub
Academic,https://involved.hccc.edu/organization/bsu
Academic,https://involved.hccc.edu/organization/businessaccountingclub
Academic,https://involved.hccc.edu/organization/ctli
Academic,https://involved.hccc.edu/organization/computerscienceclub
Academic,https://involved.hccc.edu/organization/culinaryclub
Art and Music,https://involved.hccc.edu/organization/culturalaffairs
Art and Music,https://involved.hccc.edu/organization/genzunfiltered
Art and Music,https://involved.hccc.edu/organization/hccclibraries
Art and Music,https://involved.hccc.edu/organization/h4c
Art and Music,https://involved.hccc.edu/organization/literaryclub
Art and Music,https://involved.hccc.edu/organization/skd
Art and Music,https://involved.hccc.edu/organization/sga
Art and Music,https://involved.hccc.edu/organization/studentprogrammingboard
Art and Music,https://involved.hccc.edu/organization/thelatinsociety
Career Focused,https://involved.hccc.edu/organization/businessaccountingclub
Career Focused,https://involved.hccc.edu/organization/cdc
Career Focused,https://involved.hccc.edu/organization/computerscienceclub
Career Focused,https://involved.hccc.edu/organization/cybersecurity
Career Focused,https://involved.hccc.edu/organization/eof
Career Focused,https://involved.hccc.edu/organization/environmentalclub
Career Focused,https://involved.hccc.edu/organization/girlswhocodeclub
Career Focused,https://involved.hccc.edu/organization/alumniservices
Career Focused,https://involved.hccc.edu/organization/hccclibraries
Career Focused,https://involved.hccc.edu/organization/hscc
Cultural,https://involved.hccc.edu/organization/bsu
Cultural,https://involved.hccc.edu/organization/ctli
Cultural,https://involved.hccc.edu/organization/culturalaffairs
Cultural,https://involved.hccc.edu/organization/frenchclub
Cultural,https://involved.hccc.edu/organization/genzunfiltered
Cultural,https://involved.hccc.edu/organization/hccclibraries
Cultural,https://involved.hccc.edu/organization/kultura
Cultural,https://involved.hccc.edu/organization/literaryclub
Cultural,https://involved.hccc.edu/organization/pacdeistudentactiongroup
Cultural,https://involved.hccc.edu/organization/studentprogrammingboard
HCCC Department/Office,https://involved.hccc.edu/organization/hudson_tutorial
HCCC Department/Office,https://involved.hccc.edu/organization/ctli
HCCC Department/Office,https://involved.hccc.edu/organization/culturalaffairs
HCCC Department/Office,https://involved.hccc.edu/organization/hccclibraries
HCCC Department/Office,https://involved.hccc.edu/organization/hudsonhelps
HCCC Department/Office,https://involved.hccc.edu/organization/itsonus
Honor Society,https://involved.hccc.edu/organization/asl
Honor Society,https://involved.hccc.edu/organization/acs
Honor Society,https://involved.hccc.edu/organization/nsls
Honor Society,https://involved.hccc.edu/organization/ptk
Honor Society,https://involved.hccc.edu/organization/psibeta
Honor Society,https://involved.hccc.edu/organization/salute
Honor Society,https://involved.hccc.edu/organization/skd
Humanities,https://involved.hccc.edu/organization/environmentalclub
Humanities,https://involved.hccc.edu/organization/frenchclub
Humanities,https://involved.hccc.edu/organization/hcccfoodpantry
Humanities,https://involved.hccc.edu/organization/hsclub
Humanities,https://involved.hccc.edu/organization/literaryclub
Humanities,https://involved.hccc.edu/organization/mun
Humanities,https://involved.hccc.edu/organization/nsls
Humanities,https://involved.hccc.edu/organization/nursingclub
Humanities,https://involved.hccc.edu/organization/psychologyclub
Personal Identity,https://involved.hccc.edu/organization/bsu
Personal Identity,https://involved.hccc.edu/organization/christianclub
Personal Identity,https://involved.hccc.edu/organization/embracesupportlead
Personal Identity,https://involved.hccc.edu/organization/itsonus
Personal Identity,https://involved.hccc.edu/organization/lgbtqclub
Personal Identity,https://involved.hccc.edu/organization/stemclub
Personal Identity,https://involved.hccc.edu/organization/sga
Personal Identity,https://involved.hccc.edu/organization/studentprogrammingboard
Personal Identity,https://involved.hccc.edu/organization/ceo-of-hudson
Political,https://involved.hccc.edu/organization/genzunfiltered
Political,https://involved.hccc.edu/organization/mun
Political,https://involved.hccc.edu/organization/pacdeistudentactiongroup
Political,https://involved.hccc.edu/organization/studentprogrammingboard
Recreation,https://involved.hccc.edu/organization/asl
Recreation,https://involved.hccc.edu/organization/environmentalclub
Recreation,https://involved.hccc.edu/organization/filmclub
Recreation,https://involved.hccc.edu/organization/thegamingclub
Religious,https://involved.hccc.edu/organization/christianclub
Service,https://involved.hccc.edu/organization/acs
Service,https://involved.hccc.edu/organization/businessaccountingclub
Service,https://involved.hccc.edu/organization/eof
Service,https://involved.hccc.edu/organization/environmentalclub
Service,https://involved.hccc.edu/organization/alumniservices
Service,https://involved.hccc.edu/organization/hcccfoodpantry
Service,https://involved.hccc.edu/organization/hsclub
Service,https://involved.hccc.edu/organization/itsonus
Service,https://involved.hccc.edu/organization/lgbtqclub
Service,https://involved.hccc.edu/organization/literaryclub
Student Affairs Department/Program,https://involved.hccc.edu/organization/aesnj
Student Affairs Department/Program,https://involved.hccc.edu/organization/cdc
Student Affairs Department/Program,https://involved.hccc.edu/organization/eof
Student Affairs Department/Program,https://involved.hccc.edu/organization/alumniservices
Student Affairs Department/Program,https://involved.hccc.edu/organization/hcccfoodpantry
Student-Led Club/Organization,https://involved.hccc.edu/organization/activemindshccc
Student-Led Club/Organization,https://involved.hccc.edu/organization/aesnj
Student-Led Club/Organization,https://involved.hccc.edu/organization/artanddesignclub
Student-Led Club/Organization,https://involved.hccc.edu/organization/biologyclub
Student-Led Club/Organization,https://involved.hccc.edu/organization/bsu
Student-Led Club/Organization,https://involved.hccc.edu/organization/businessaccountingclub
Student-Led Club/Organization,https://involved.hccc.edu/organization/christianclub
Student-Led Club/Organization,https://involved.hccc.edu/organization/computerscienceclub
Student-Led Club/Organization,https://involved.hccc.edu/organization/culinaryclub
Student-Led Club/Organization,https://involved.hccc.edu/organization/cybersecurity
Academic,https://involved.hccc.edu/organization/asl
Academic,https://involved.hccc.edu/organization/hudson_tutorial
Academic,https://involved.hccc.edu/organization/acs
Academic,https://involved.hccc.edu/organization/artanddesignclub
Academic,https://involved.hccc.edu/organization/biologyclub
Academic,https://involved.hccc.edu/organization/bsu
Academic,https://involved.hccc.edu/organization/businessaccountingclub
Academic,https://involved.hccc.edu/organization/ctli
Academic,https://involved.hccc.edu/organization/computerscienceclub
Academic,https://involved.hccc.edu/organization/culinaryclub
Art and Music,https://involved.hccc.edu/organization/culturalaffairs
Art and Music,https://involved.hccc.edu/organization/genzunfiltered
Art and Music,https://involved.hccc.edu/organization/hccclibraries
Art and Music,https://involved.hccc.edu/organization/h4c
Art and Music,https://involved.hccc.edu/organization/literaryclub
Art and Music,https://involved.hccc.edu/organization/skd
Art and Music,https://involved.hccc.edu/organization/sga
Art and Music,https://involved.hccc.edu/organization/studentprogrammingboard
Art and Music,https://involved.hccc.edu/organization/thelatinsociety
Career Focused,https://involved.hccc.edu/organization/businessaccountingclub
Career Focused,https://involved.hccc.edu/organization/cdc
Career Focused,https://involved.hccc.edu/organization/computerscienceclub
Career Focused,https://involved.hccc.edu/organization/cybersecurity
Career Focused,https://involved.hccc.edu/organization/eof
Career Focused,https://involved.hccc.edu/organization/environmentalclub
Career Focused,https://involved.hccc.edu/organization/girlswhocodeclub
Career Focused,https://involved.hccc.edu/organization/alumniservices
Career Focused,https://involved.hccc.edu/organization/hccclibraries
Career Focused,https://involved.hccc.edu/organization/hscc
Cultural,https://involved.hccc.edu/organization/bsu
Cultural,https://involved.hccc.edu/organization/ctli
Cultural,https://involved.hccc.edu/organization/culturalaffairs
Cultural,https://involved.hccc.edu/organization/frenchclub
Cultural,https://involved.hccc.edu/organization/genzunfiltered
Cultural,https://involved.hccc.edu/organization/hccclibraries
Cultural,https://involved.hccc.edu/organization/kultura
Cultural,https://involved.hccc.edu/organization/literaryclub
Cultural,https://involved.hccc.edu/organization/pacdeistudentactiongroup
Cultural,https://involved.hccc.edu/organization/studentprogrammingboard
HCCC Department/Office,https://involved.hccc.edu/organization/hudson_tutorial
HCCC Department/Office,https://involved.hccc.edu/organization/ctli
HCCC Department/Office,https://involved.hccc.edu/organization/culturalaffairs
HCCC Department/Office,https://involved.hccc.edu/organization/hccclibraries
HCCC Department/Office,https://involved.hccc.edu/organization/hudsonhelps
HCCC Department/Office,https://involved.hccc.edu/organization/itsonus
Honor Society,https://involved.hccc.edu/organization/asl
Honor Society,https://involved.hccc.edu/organization/acs
Honor Society,https://involved.hccc.edu/organization/nsls
Honor Society,https://involved.hccc.edu/organization/ptk
Honor Society,https://involved.hccc.edu/organization/psibeta
Honor Society,https://involved.hccc.edu/organization/salute
Honor Society,https://involved.hccc.edu/organization/skd
Humanities,https://involved.hccc.edu/organization/environmentalclub
Humanities,https://involved.hccc.edu/organization/frenchclub
Humanities,https://involved.hccc.edu/organization/hcccfoodpantry
Humanities,https://involved.hccc.edu/organization/hsclub
Humanities,https://involved.hccc.edu/organization/literaryclub
Humanities,https://involved.hccc.edu/organization/mun
Humanities,https://involved.hccc.edu/organization/nsls
Humanities,https://involved.hccc.edu/organization/nursingclub
Humanities,https://involved.hccc.edu/organization/psychologyclub
Humanities,https://involved.hccc.edu/organization/skd
Personal Identity,https://involved.hccc.edu/organization/bsu
Personal Identity,https://involved.hccc.edu/organization/christianclub
Personal Identity,https://involved.hccc.edu/organization/embracesupportlead
Personal Identity,https://involved.hccc.edu/organization/itsonus
Personal Identity,https://involved.hccc.edu/organization/lgbtqclub
Personal Identity,https://involved.hccc.edu/organization/stemclub
Personal Identity,https://involved.hccc.edu/organization/sga
Personal Identity,https://involved.hccc.edu/organization/studentprogrammingboard
Personal Identity,https://involved.hccc.edu/organization/ceo-of-hudson
Political,https://involved.hccc.edu/organization/genzunfiltered
Political,https://involved.hccc.edu/organization/mun
Political,https://involved.hccc.edu/organization/pacdeistudentactiongroup
Political,https://involved.hccc.edu/organization/studentprogrammingboard
Recreation,https://involved.hccc.edu/organization/asl
Recreation,https://involved.hccc.edu/organization/environmentalclub
Recreation,https://involved.hccc.edu/organization/filmclub
Recreation,https://involved.hccc.edu/organization/thegamingclub
Religious,https://involved.hccc.edu/organization/christianclub
Service,https://involved.hccc.edu/organization/asl
Service,https://involved.hccc.edu/organization/acs
Service,https://involved.hccc.edu/organization/activemindshccc
Service,https://involved.hccc.edu/organization/businessaccountingclub
Service,https://involved.hccc.edu/organization/hudson_tutorial
Service,https://involved.hccc.edu/organization/eof
Service,https://involved.hccc.edu/organization/academicadvising
Service,https://involved.hccc.edu/organization/environmentalclub
Service,https://involved.hccc.edu/organization/aesnj
Service,https://involved.hccc.edu/organization/alumniservices
Service,https://involved.hccc.edu/organization/hcccfoodpantry
Service,https://involved.hccc.edu/organization/artanddesignclub
Service,https://involved.hccc.edu/organization/hsclub
Service,https://involved.hccc.edu/organization/biologyclub
Service,https://involved.hccc.edu/organization/itsonus
Service,https://involved.hccc.edu/organization/bsu
Service,https://involved.hccc.edu/organization/lgbtqclub
Service,https://involved.hccc.edu/organization/literaryclub
Student Affairs Department/Program,https://involved.hccc.edu/organization/aesnj
Student Affairs Department/Program,https://involved.hccc.edu/organization/cdc
Student Affairs Department/Program,https://involved.hccc.edu/organization/eof
Student-Led Club/Organization,https://involved.hccc.edu/organization/asl
Student-Led Club/Organization,https://involved.hccc.edu/organization/activemindshccc
Student-Led Club/Organization,https://involved.hccc.edu/organization/aesnj
Student-Led Club/Organization,https://involved.hccc.edu/organization/hudson_tutorial
Student-Led Club/Organization,https://involved.hccc.edu/organization/artanddesignclub
Student-Led Club/Organization,https://involved.hccc.edu/organization/academicadvising
Student-Led Club/Organization,https://involved.hccc.edu/organization/biologyclub
Student-Led Club/Organization,https://involved.hccc.edu/organization/bsu
Student-Led Club/Organization,https://involved.hccc.edu/organization/acs
Student-Led Club/Organization,https://involved.hccc.edu/organization/businessaccountingclub
Student-Led Club/Organization,https://involved.hccc.edu/organization/christianclub
Student-Led Club/Organization,https://involved.hccc.edu/organization/computerscienceclub
Student-Led Club/Organization,https://involved.hccc.edu/organization/culinaryclub
Student-Led Club/Organization,https://involved.hccc.edu/organization/cybersecurity
Academic,https://packlife.iue.edu/organization/bap
Academic,https://packlife.iue.edu/organization/businessclub
Academic,https://packlife.iue.edu/organization/history
Academic,https://packlife.iue.edu/organization/honorsclub
Academic,https://packlife.iue.edu/organization/imastudentchapter
Academic,https://packlife.iue.edu/organization/nsna
Academic,https://packlife.iue.edu/organization/ppc
Academic,https://packlife.iue.edu/organization/psychclub
Academic,https://packlife.iue.edu/organization/sigmataudelta
Academic,https://packlife.iue.edu/organization/tri_beta
Campus Department,https://packlife.iue.edu/organization/bap
Campus Department,https://packlife.iue.edu/organization/servicelearning
Campus Department,https://packlife.iue.edu/organization/communicationcenter
Campus Department,https://packlife.iue.edu/organization/diversity
Campus Department,https://packlife.iue.edu/organization/mathcenter
Campus Department,https://packlife.iue.edu/organization/campuslife
Campus Department,https://packlife.iue.edu/organization/iuecareerservices
Campus Department,https://packlife.iue.edu/organization/financialaid
Campus Department,https://packlife.iue.edu/organization/studentsuccess
Campus Department,https://packlife.iue.edu/organization/iueredwolves
Campus Life Sponsored Groups,https://packlife.iue.edu/organization/www-iue-edu
Campus Life Sponsored Groups,https://packlife.iue.edu/organization/botanyclub
Campus Life Sponsored Groups,https://packlife.iue.edu/organization/businessclub
Campus Life Sponsored Groups,https://packlife.iue.edu/organization/campuschristianfellowship
Campus Life Sponsored Groups,https://packlife.iue.edu/organization/circlekinternational
Campus Life Sponsored Groups,https://packlife.iue.edu/organization/fca
Campus Life Sponsored Groups,https://packlife.iue.edu/organization/iueastesports
Campus Life Sponsored Groups,https://packlife.iue.edu/organization/geekcultureclub
Campus Life Sponsored Groups,https://packlife.iue.edu/organization/howlcrowd
Campus Life Sponsored Groups,https://packlife.iue.edu/organization/multicultural
Fellowship and Spiritual Groups,https://packlife.iue.edu/organization/campuschristianfellowship
Fellowship and Spiritual Groups,https://packlife.iue.edu/organization/fca
Honoraries,https://packlife.iue.edu/organization/bap
Honoraries,https://packlife.iue.edu/organization/imastudentchapter
Honoraries,https://packlife.iue.edu/organization/tri_beta
Special Interest Group,https://packlife.iue.edu/organization/businessclub
Special Interest Group,https://packlife.iue.edu/organization/campuschristianfellowship
Special Interest Group,https://packlife.iue.edu/organization/circlekinternational
Special Interest Group,https://packlife.iue.edu/organization/cdinatiue
Special Interest Group,https://packlife.iue.edu/organization/diversity
Special Interest Group,https://packlife.iue.edu/organization/fds
Special Interest Group,https://packlife.iue.edu/organization/geekcultureclub
Special Interest Group,https://packlife.iue.edu/organization/history
Special Interest Group,https://packlife.iue.edu/organization/imastudentchapter
Special Interest Group,https://packlife.iue.edu/organization/medlifeiue
Academic,https://involved.hccc.edu/organization/asl
Academic,https://involved.hccc.edu/organization/hudson_tutorial
Academic,https://involved.hccc.edu/organization/acs
Academic,https://involved.hccc.edu/organization/artanddesignclub
Academic,https://involved.hccc.edu/organization/biologyclub
Academic,https://involved.hccc.edu/organization/bsu
Academic,https://involved.hccc.edu/organization/businessaccountingclub
Academic,https://involved.hccc.edu/organization/ctli
Academic,https://involved.hccc.edu/organization/computerscienceclub
Academic,https://involved.hccc.edu/organization/culinaryclub
Art and Music,https://involved.hccc.edu/organization/culturalaffairs
Art and Music,https://involved.hccc.edu/organization/genzunfiltered
Art and Music,https://involved.hccc.edu/organization/hccclibraries
Art and Music,https://involved.hccc.edu/organization/h4c
Art and Music,https://involved.hccc.edu/organization/literaryclub
Art and Music,https://involved.hccc.edu/organization/skd
Art and Music,https://involved.hccc.edu/organization/sga
Art and Music,https://involved.hccc.edu/organization/studentprogrammingboard
Art and Music,https://involved.hccc.edu/organization/thelatinsociety
Career Focused,https://involved.hccc.edu/organization/asl
Career Focused,https://involved.hccc.edu/organization/businessaccountingclub
Career Focused,https://involved.hccc.edu/organization/activemindshccc
Career Focused,https://involved.hccc.edu/organization/cdc
Career Focused,https://involved.hccc.edu/organization/hudson_tutorial
Career Focused,https://involved.hccc.edu/organization/computerscienceclub
Career Focused,https://involved.hccc.edu/organization/academicadvising
Career Focused,https://involved.hccc.edu/organization/cybersecurity
Career Focused,https://involved.hccc.edu/organization/aesnj
Career Focused,https://involved.hccc.edu/organization/eof
Career Focused,https://involved.hccc.edu/organization/acs
Career Focused,https://involved.hccc.edu/organization/environmentalclub
Career Focused,https://involved.hccc.edu/organization/artanddesignclub
Career Focused,https://involved.hccc.edu/organization/girlswhocodeclub
Career Focused,https://involved.hccc.edu/organization/biologyclub
Career Focused,https://involved.hccc.edu/organization/alumniservices
Career Focused,https://involved.hccc.edu/organization/bsu
Career Focused,https://involved.hccc.edu/organization/hccclibraries
Career Focused,https://involved.hccc.edu/organization/hscc
Cultural,https://involved.hccc.edu/organization/asl
Cultural,https://involved.hccc.edu/organization/bsu
Cultural,https://involved.hccc.edu/organization/activemindshccc
Cultural,https://involved.hccc.edu/organization/ctli
Cultural,https://involved.hccc.edu/organization/cdc
Cultural,https://involved.hccc.edu/organization/culturalaffairs
Cultural,https://involved.hccc.edu/organization/hudson_tutorial
Cultural,https://involved.hccc.edu/organization/frenchclub
Cultural,https://involved.hccc.edu/organization/academicadvising
Cultural,https://involved.hccc.edu/organization/genzunfiltered
Cultural,https://involved.hccc.edu/organization/aesnj
Cultural,https://involved.hccc.edu/organization/hccclibraries
Cultural,https://involved.hccc.edu/organization/computerscienceclub
Cultural,https://involved.hccc.edu/organization/kultura
Cultural,https://involved.hccc.edu/organization/acs
Cultural,https://involved.hccc.edu/organization/literaryclub
Cultural,https://involved.hccc.edu/organization/artanddesignclub
Cultural,https://involved.hccc.edu/organization/pacdeistudentactiongroup
Cultural,https://involved.hccc.edu/organization/cybersecurity
Cultural,https://involved.hccc.edu/organization/studentprogrammingboard
Cultural,https://involved.hccc.edu/organization/biologyclub
Cultural,https://involved.hccc.edu/organization/businessaccountingclub
Academic,https://packlife.iue.edu/organization/academicsupportprograms
Academic,https://packlife.iue.edu/organization/bap
Academic,https://packlife.iue.edu/organization/www-iue-edu
Academic,https://packlife.iue.edu/organization/businessclub
Academic,https://packlife.iue.edu/organization/history
Academic,https://packlife.iue.edu/organization/botanyclub
Academic,https://packlife.iue.edu/organization/honorsclub
Academic,https://packlife.iue.edu/organization/imastudentchapter
Academic,https://packlife.iue.edu/organization/campuschristianfellowship
Academic,https://packlife.iue.edu/organization/nsna
Academic,https://packlife.iue.edu/organization/servicelearning
Academic,https://packlife.iue.edu/organization/ppc
Academic,https://packlife.iue.edu/organization/circlekinternational
Academic,https://packlife.iue.edu/organization/psychclub
Academic,https://packlife.iue.edu/organization/cdinatiue
Academic,https://packlife.iue.edu/organization/sigmataudelta
Academic,https://packlife.iue.edu/organization/communicationcenter
Academic,https://packlife.iue.edu/organization/tri_beta
Academic,https://packlife.iue.edu/organization/diversity
Academic,https://packlife.iue.edu/organization/fca
Academic,https://packlife.iue.edu/organization/fds
Academic,https://packlife.iue.edu/organization/iueastesports
Academic,https://packlife.iue.edu/organization/geekcultureclub
Academic,https://packlife.iue.edu/organization/howlcrowd
Academic,https://packlife.iue.edu/organization/mathcenter
Academic,https://packlife.iue.edu/organization/medlifeiue
Academic,https://packlife.iue.edu/organization/multicultural
Academic,https://packlife.iue.edu/organization/campuslife
Academic,https://packlife.iue.edu/organization/iuecareerservices
Academic,https://packlife.iue.edu/organization/financialaid
Academic,https://packlife.iue.edu/organization/studentsuccess
Academic,https://packlife.iue.edu/organization/iueredwolves
Academic,https://packlife.iue.edu/organization/sag_club
Academic,https://packlife.iue.edu/organization/sswa
Academic,https://packlife.iue.edu/organization/SAAT
Academic,https://packlife.iue.edu/organization/SAAC
Academic,https://packlife.iue.edu/organization/sga
Academic,https://packlife.iue.edu/organization/lgbtqsalliance
Academic,https://packlife.iue.edu/organization/stat
Academic,https://packlife.iue.edu/organization/titleix
Academic,https://packlife.iue.edu/organization/Tributaries
Academic,https://packlife.iue.edu/organization/WritersClub
Academic,https://packlife.iue.edu/organization/writingcenter
Campus Department,https://packlife.iue.edu/organization/academicsupportprograms
Campus Department,https://packlife.iue.edu/organization/www-iue-edu
Campus Department,https://packlife.iue.edu/organization/bap
Campus Department,https://packlife.iue.edu/organization/botanyclub
Campus Department,https://packlife.iue.edu/organization/history
Campus Department,https://packlife.iue.edu/organization/businessclub
Campus Department,https://packlife.iue.edu/organization/campuschristianfellowship
Campus Department,https://packlife.iue.edu/organization/honorsclub
Campus Department,https://packlife.iue.edu/organization/servicelearning
Campus Department,https://packlife.iue.edu/organization/circlekinternational
Campus Department,https://packlife.iue.edu/organization/imastudentchapter
Campus Department,https://packlife.iue.edu/organization/cdinatiue
Campus Department,https://packlife.iue.edu/organization/communicationcenter
Campus Department,https://packlife.iue.edu/organization/nsna
Campus Department,https://packlife.iue.edu/organization/ppc
Campus Department,https://packlife.iue.edu/organization/psychclub
Campus Department,https://packlife.iue.edu/organization/sigmataudelta
Campus Department,https://packlife.iue.edu/organization/tri_beta
Campus Department,https://packlife.iue.edu/organization/diversity
Campus Department,https://packlife.iue.edu/organization/fca
Campus Department,https://packlife.iue.edu/organization/fds
Campus Department,https://packlife.iue.edu/organization/iueastesports
Campus Department,https://packlife.iue.edu/organization/geekcultureclub
Campus Department,https://packlife.iue.edu/organization/howlcrowd
Campus Department,https://packlife.iue.edu/organization/mathcenter
Campus Department,https://packlife.iue.edu/organization/medlifeiue
Campus Department,https://packlife.iue.edu/organization/multicultural
Campus Department,https://packlife.iue.edu/organization/campuslife
Campus Department,https://packlife.iue.edu/organization/iuecareerservices
Campus Department,https://packlife.iue.edu/organization/financialaid
Campus Department,https://packlife.iue.edu/organization/studentsuccess
Campus Department,https://packlife.iue.edu/organization/iueredwolves
Campus Department,https://packlife.iue.edu/organization/sag_club
Campus Department,https://packlife.iue.edu/organization/sswa
Campus Department,https://packlife.iue.edu/organization/SAAT
Campus Department,https://packlife.iue.edu/organization/SAAC
Campus Department,https://packlife.iue.edu/organization/sga
Campus Department,https://packlife.iue.edu/organization/lgbtqsalliance
Campus Department,https://packlife.iue.edu/organization/stat
Campus Department,https://packlife.iue.edu/organization/titleix
Campus Department,https://packlife.iue.edu/organization/Tributaries
Campus Department,https://packlife.iue.edu/organization/WritersClub
Campus Department,https://packlife.iue.edu/organization/writingcenter
Campus Life Sponsored Groups,https://packlife.iue.edu/organization/academicsupportprograms
Campus Life Sponsored Groups,https://packlife.iue.edu/organization/www-iue-edu
Campus Life Sponsored Groups,https://packlife.iue.edu/organization/botanyclub
Campus Life Sponsored Groups,https://packlife.iue.edu/organization/bap
Campus Life Sponsored Groups,https://packlife.iue.edu/organization/businessclub
Campus Life Sponsored Groups,https://packlife.iue.edu/organization/campuschristianfellowship
Campus Life Sponsored Groups,https://packlife.iue.edu/organization/circlekinternational
Campus Life Sponsored Groups,https://packlife.iue.edu/organization/diversity
Campus Life Sponsored Groups,https://packlife.iue.edu/organization/fca
Campus Life Sponsored Groups,https://packlife.iue.edu/organization/iueastesports
Campus Life Sponsored Groups,https://packlife.iue.edu/organization/servicelearning
Campus Life Sponsored Groups,https://packlife.iue.edu/organization/geekcultureclub
Campus Life Sponsored Groups,https://packlife.iue.edu/organization/mathcenter
Campus Life Sponsored Groups,https://packlife.iue.edu/organization/howlcrowd
Campus Life Sponsored Groups,https://packlife.iue.edu/organization/multicultural
Campus Life Sponsored Groups,https://packlife.iue.edu/organization/cdinatiue
Campus Life Sponsored Groups,https://packlife.iue.edu/organization/communicationcenter
Campus Life Sponsored Groups,https://packlife.iue.edu/organization/campuslife
Campus Life Sponsored Groups,https://packlife.iue.edu/organization/iuecareerservices
Campus Life Sponsored Groups,https://packlife.iue.edu/organization/history
Campus Life Sponsored Groups,https://packlife.iue.edu/organization/financialaid
Campus Life Sponsored Groups,https://packlife.iue.edu/organization/studentsuccess
Campus Life Sponsored Groups,https://packlife.iue.edu/organization/iueredwolves
Campus Life Sponsored Groups,https://packlife.iue.edu/organization/honorsclub
Campus Life Sponsored Groups,https://packlife.iue.edu/organization/imastudentchapter
Campus Life Sponsored Groups,https://packlife.iue.edu/organization/nsna
Campus Life Sponsored Groups,https://packlife.iue.edu/organization/ppc
Campus Life Sponsored Groups,https://packlife.iue.edu/organization/psychclub
Campus Life Sponsored Groups,https://packlife.iue.edu/organization/sigmataudelta
Campus Life Sponsored Groups,https://packlife.iue.edu/organization/tri_beta
Campus Life Sponsored Groups,https://packlife.iue.edu/organization/fds
Campus Life Sponsored Groups,https://packlife.iue.edu/organization/medlifeiue
Campus Life Sponsored Groups,https://packlife.iue.edu/organization/sag_club
Campus Life Sponsored Groups,https://packlife.iue.edu/organization/sswa
Campus Life Sponsored Groups,https://packlife.iue.edu/organization/SAAT
Campus Life Sponsored Groups,https://packlife.iue.edu/organization/SAAC
Campus Life Sponsored Groups,https://packlife.iue.edu/organization/sga
Campus Life Sponsored Groups,https://packlife.iue.edu/organization/lgbtqsalliance
Campus Life Sponsored Groups,https://packlife.iue.edu/organization/stat
Campus Life Sponsored Groups,https://packlife.iue.edu/organization/titleix
Campus Life Sponsored Groups,https://packlife.iue.edu/organization/Tributaries
Campus Life Sponsored Groups,https://packlife.iue.edu/organization/WritersClub
Campus Life Sponsored Groups,https://packlife.iue.edu/organization/writingcenter
Fellowship and Spiritual Groups,https://packlife.iue.edu/organization/academicsupportprograms
Fellowship and Spiritual Groups,https://packlife.iue.edu/organization/campuschristianfellowship
Fellowship and Spiritual Groups,https://packlife.iue.edu/organization/www-iue-edu
Fellowship and Spiritual Groups,https://packlife.iue.edu/organization/fca
Fellowship and Spiritual Groups,https://packlife.iue.edu/organization/bap
Fellowship and Spiritual Groups,https://packlife.iue.edu/organization/botanyclub
Fellowship and Spiritual Groups,https://packlife.iue.edu/organization/businessclub
Fellowship and Spiritual Groups,https://packlife.iue.edu/organization/servicelearning
Fellowship and Spiritual Groups,https://packlife.iue.edu/organization/circlekinternational
Fellowship and Spiritual Groups,https://packlife.iue.edu/organization/cdinatiue
Fellowship and Spiritual Groups,https://packlife.iue.edu/organization/iueastesports
Fellowship and Spiritual Groups,https://packlife.iue.edu/organization/communicationcenter
Fellowship and Spiritual Groups,https://packlife.iue.edu/organization/diversity
Fellowship and Spiritual Groups,https://packlife.iue.edu/organization/geekcultureclub
Fellowship and Spiritual Groups,https://packlife.iue.edu/organization/howlcrowd
Fellowship and Spiritual Groups,https://packlife.iue.edu/organization/multicultural
Fellowship and Spiritual Groups,https://packlife.iue.edu/organization/mathcenter
Fellowship and Spiritual Groups,https://packlife.iue.edu/organization/campuslife
Fellowship and Spiritual Groups,https://packlife.iue.edu/organization/iuecareerservices
Fellowship and Spiritual Groups,https://packlife.iue.edu/organization/history
Fellowship and Spiritual Groups,https://packlife.iue.edu/organization/financialaid
Fellowship and Spiritual Groups,https://packlife.iue.edu/organization/studentsuccess
Fellowship and Spiritual Groups,https://packlife.iue.edu/organization/iueredwolves
Fellowship and Spiritual Groups,https://packlife.iue.edu/organization/honorsclub
Fellowship and Spiritual Groups,https://packlife.iue.edu/organization/imastudentchapter
Fellowship and Spiritual Groups,https://packlife.iue.edu/organization/nsna
Fellowship and Spiritual Groups,https://packlife.iue.edu/organization/ppc
Fellowship and Spiritual Groups,https://packlife.iue.edu/organization/psychclub
Fellowship and Spiritual Groups,https://packlife.iue.edu/organization/sigmataudelta
Fellowship and Spiritual Groups,https://packlife.iue.edu/organization/tri_beta
Fellowship and Spiritual Groups,https://packlife.iue.edu/organization/fds
Fellowship and Spiritual Groups,https://packlife.iue.edu/organization/medlifeiue
Fellowship and Spiritual Groups,https://packlife.iue.edu/organization/sag_club
Fellowship and Spiritual Groups,https://packlife.iue.edu/organization/sswa
Fellowship and Spiritual Groups,https://packlife.iue.edu/organization/SAAT
Fellowship and Spiritual Groups,https://packlife.iue.edu/organization/SAAC
Fellowship and Spiritual Groups,https://packlife.iue.edu/organization/sga
Fellowship and Spiritual Groups,https://packlife.iue.edu/organization/lgbtqsalliance
Fellowship and Spiritual Groups,https://packlife.iue.edu/organization/stat
Fellowship and Spiritual Groups,https://packlife.iue.edu/organization/titleix
Fellowship and Spiritual Groups,https://packlife.iue.edu/organization/Tributaries
Fellowship and Spiritual Groups,https://packlife.iue.edu/organization/WritersClub
Fellowship and Spiritual Groups,https://packlife.iue.edu/organization/writingcenter
Honoraries,https://packlife.iue.edu/organization/academicsupportprograms
Honoraries,https://packlife.iue.edu/organization/bap
Honoraries,https://packlife.iue.edu/organization/www-iue-edu
Honoraries,https://packlife.iue.edu/organization/imastudentchapter
Honoraries,https://packlife.iue.edu/organization/fca
Honoraries,https://packlife.iue.edu/organization/tri_beta
Honoraries,https://packlife.iue.edu/organization/botanyclub
Honoraries,https://packlife.iue.edu/organization/businessclub
Honoraries,https://packlife.iue.edu/organization/campuschristianfellowship
Honoraries,https://packlife.iue.edu/organization/servicelearning
Honoraries,https://packlife.iue.edu/organization/circlekinternational
Honoraries,https://packlife.iue.edu/organization/cdinatiue
Honoraries,https://packlife.iue.edu/organization/communicationcenter
Honoraries,https://packlife.iue.edu/organization/iueastesports
Honoraries,https://packlife.iue.edu/organization/diversity
Honoraries,https://packlife.iue.edu/organization/geekcultureclub
Honoraries,https://packlife.iue.edu/organization/howlcrowd
Honoraries,https://packlife.iue.edu/organization/multicultural
Honoraries,https://packlife.iue.edu/organization/mathcenter
Honoraries,https://packlife.iue.edu/organization/campuslife
Honoraries,https://packlife.iue.edu/organization/iuecareerservices
Honoraries,https://packlife.iue.edu/organization/history
Honoraries,https://packlife.iue.edu/organization/financialaid
Honoraries,https://packlife.iue.edu/organization/studentsuccess
Honoraries,https://packlife.iue.edu/organization/iueredwolves
Honoraries,https://packlife.iue.edu/organization/honorsclub
Honoraries,https://packlife.iue.edu/organization/nsna
Honoraries,https://packlife.iue.edu/organization/ppc
Honoraries,https://packlife.iue.edu/organization/psychclub
Honoraries,https://packlife.iue.edu/organization/sigmataudelta
Honoraries,https://packlife.iue.edu/organization/fds
Honoraries,https://packlife.iue.edu/organization/medlifeiue
Honoraries,https://packlife.iue.edu/organization/sag_club
Honoraries,https://packlife.iue.edu/organization/sswa
Honoraries,https://packlife.iue.edu/organization/SAAT
Honoraries,https://packlife.iue.edu/organization/SAAC
Honoraries,https://packlife.iue.edu/organization/sga
Honoraries,https://packlife.iue.edu/organization/lgbtqsalliance
Honoraries,https://packlife.iue.edu/organization/stat
Honoraries,https://packlife.iue.edu/organization/titleix
Honoraries,https://packlife.iue.edu/organization/Tributaries
Honoraries,https://packlife.iue.edu/organization/WritersClub
Honoraries,https://packlife.iue.edu/organization/writingcenter
Special Interest Group,https://packlife.iue.edu/organization/academicsupportprograms
Special Interest Group,https://packlife.iue.edu/organization/businessclub
Special Interest Group,https://packlife.iue.edu/organization/www-iue-edu
Special Interest Group,https://packlife.iue.edu/organization/campuschristianfellowship
Special Interest Group,https://packlife.iue.edu/organization/circlekinternational
Special Interest Group,https://packlife.iue.edu/organization/bap
Special Interest Group,https://packlife.iue.edu/organization/cdinatiue
Special Interest Group,https://packlife.iue.edu/organization/botanyclub
Special Interest Group,https://packlife.iue.edu/organization/diversity
Special Interest Group,https://packlife.iue.edu/organization/fds
Special Interest Group,https://packlife.iue.edu/organization/tri_beta
Special Interest Group,https://packlife.iue.edu/organization/geekcultureclub
Special Interest Group,https://packlife.iue.edu/organization/history
Special Interest Group,https://packlife.iue.edu/organization/servicelearning
Special Interest Group,https://packlife.iue.edu/organization/imastudentchapter
Special Interest Group,https://packlife.iue.edu/organization/fca
Special Interest Group,https://packlife.iue.edu/organization/medlifeiue
Special Interest Group,https://packlife.iue.edu/organization/communicationcenter
Special Interest Group,https://packlife.iue.edu/organization/iueastesports
Special Interest Group,https://packlife.iue.edu/organization/howlcrowd
Special Interest Group,https://packlife.iue.edu/organization/multicultural
Special Interest Group,https://packlife.iue.edu/organization/mathcenter
Special Interest Group,https://packlife.iue.edu/organization/campuslife
Special Interest Group,https://packlife.iue.edu/organization/iuecareerservices
Special Interest Group,https://packlife.iue.edu/organization/financialaid
Special Interest Group,https://packlife.iue.edu/organization/studentsuccess
Special Interest Group,https://packlife.iue.edu/organization/iueredwolves
Special Interest Group,https://packlife.iue.edu/organization/honorsclub
Special Interest Group,https://packlife.iue.edu/organization/nsna
Special Interest Group,https://packlife.iue.edu/organization/ppc
Special Interest Group,https://packlife.iue.edu/organization/psychclub
Special Interest Group,https://packlife.iue.edu/organization/sigmataudelta
Special Interest Group,https://packlife.iue.edu/organization/sag_club
Special Interest Group,https://packlife.iue.edu/organization/sswa
Special Interest Group,https://packlife.iue.edu/organization/SAAT
Special Interest Group,https://packlife.iue.edu/organization/SAAC
Special Interest Group,https://packlife.iue.edu/organization/sga
Special Interest Group,https://packlife.iue.edu/organization/lgbtqsalliance
Special Interest Group,https://packlife.iue.edu/organization/stat
Special Interest Group,https://packlife.iue.edu/organization/titleix
Special Interest Group,https://packlife.iue.edu/organization/Tributaries
Special Interest Group,https://packlife.iue.edu/organization/WritersClubAcademic,https://packlife.iue.edu/organization/bap
Academic,https://packlife.iue.edu/organization/businessclub
Academic,https://packlife.iue.edu/organization/history
Academic,https://packlife.iue.edu/organization/honorsclub
Academic,https://packlife.iue.edu/organization/imastudentchapter
Academic,https://packlife.iue.edu/organization/nsna
Academic,https://packlife.iue.edu/organization/ppc
Academic,https://packlife.iue.edu/organization/psychclub
Academic,https://packlife.iue.edu/organization/sigmataudelta
Academic,https://packlife.iue.edu/organization/tri_beta
Campus Department,https://packlife.iue.edu/organization/bap
Campus Department,https://packlife.iue.edu/organization/servicelearning
Campus Department,https://packlife.iue.edu/organization/communicationcenter
Campus Department,https://packlife.iue.edu/organization/diversity
Campus Department,https://packlife.iue.edu/organization/mathcenter
Campus Department,https://packlife.iue.edu/organization/campuslife
Campus Department,https://packlife.iue.edu/organization/iuecareerservices
Campus Department,https://packlife.iue.edu/organization/financialaid
Campus Department,https://packlife.iue.edu/organization/studentsuccess
Campus Department,https://packlife.iue.edu/organization/iueredwolves
Campus Life Sponsored Groups,https://packlife.iue.edu/organization/www-iue-edu
Campus Life Sponsored Groups,https://packlife.iue.edu/organization/botanyclub
Campus Life Sponsored Groups,https://packlife.iue.edu/organization/businessclub
Campus Life Sponsored Groups,https://packlife.iue.edu/organization/campuschristianfellowship
Campus Life Sponsored Groups,https://packlife.iue.edu/organization/circlekinternational
Campus Life Sponsored Groups,https://packlife.iue.edu/organization/fca
Campus Life Sponsored Groups,https://packlife.iue.edu/organization/iueastesports
Campus Life Sponsored Groups,https://packlife.iue.edu/organization/geekcultureclub
Campus Life Sponsored Groups,https://packlife.iue.edu/organization/howlcrowd
Campus Life Sponsored Groups,https://packlife.iue.edu/organization/multicultural
Fellowship and Spiritual Groups,https://packlife.iue.edu/organization/campuschristianfellowship
Fellowship and Spiritual Groups,https://packlife.iue.edu/organization/fca
Honoraries,https://packlife.iue.edu/organization/bap
Honoraries,https://packlife.iue.edu/organization/imastudentchapter
Honoraries,https://packlife.iue.edu/organization/tri_beta
Special Interest Group,https://packlife.iue.edu/organization/businessclub
Special Interest Group,https://packlife.iue.edu/organization/campuschristianfellowship
Special Interest Group,https://packlife.iue.edu/organization/circlekinternational
Special Interest Group,https://packlife.iue.edu/organization/cdinatiue
Special Interest Group,https://packlife.iue.edu/organization/diversity
Special Interest Group,https://packlife.iue.edu/organization/fds
Special Interest Group,https://packlife.iue.edu/organization/geekcultureclub
Special Interest Group,https://packlife.iue.edu/organization/history
Special Interest Group,https://packlife.iue.edu/organization/imastudentchapter
Special Interest Group,https://packlife.iue.edu/organization/medlifeiue
,https://involved.hccc.edu/organization/asl
,https://involved.hccc.edu/organization/hudson_tutorial
,https://involved.hccc.edu/organization/acs
,https://involved.hccc.edu/organization/artanddesignclub
,https://involved.hccc.edu/organization/biologyclub
,https://involved.hccc.edu/organization/bsu
,https://involved.hccc.edu/organization/businessaccountingclub
,https://involved.hccc.edu/organization/ctli
,https://involved.hccc.edu/organization/computerscienceclub
,https://involved.hccc.edu/organization/culinaryclub
Art and Music,https://involved.hccc.edu/organization/culturalaffairs
Art and Music,https://involved.hccc.edu/organization/genzunfiltered
Art and Music,https://involved.hccc.edu/organization/hccclibraries
Art and Music,https://involved.hccc.edu/organization/h4c
Art and Music,https://involved.hccc.edu/organization/literaryclub
Art and Music,https://involved.hccc.edu/organization/skd
Art and Music,https://involved.hccc.edu/organization/sga
Art and Music,https://involved.hccc.edu/organization/studentprogrammingboard
Art and Music,https://involved.hccc.edu/organization/thelatinsociety
Career Focused,https://involved.hccc.edu/organization/businessaccountingclub
Career Focused,https://involved.hccc.edu/organization/cdc
Career Focused,https://involved.hccc.edu/organization/computerscienceclub
Career Focused,https://involved.hccc.edu/organization/cybersecurity
Career Focused,https://involved.hccc.edu/organization/eof
Career Focused,https://involved.hccc.edu/organization/environmentalclub
Career Focused,https://involved.hccc.edu/organization/girlswhocodeclub
Career Focused,https://involved.hccc.edu/organization/alumniservices
Career Focused,https://involved.hccc.edu/organization/hccclibraries
Career Focused,https://involved.hccc.edu/organization/hscc
Cultural,https://involved.hccc.edu/organization/bsu
Cultural,https://involved.hccc.edu/organization/ctli
Cultural,https://involved.hccc.edu/organization/culturalaffairs
Cultural,https://involved.hccc.edu/organization/frenchclub
Cultural,https://involved.hccc.edu/organization/genzunfiltered
Cultural,https://involved.hccc.edu/organization/hccclibraries
Cultural,https://involved.hccc.edu/organization/kultura
Cultural,https://involved.hccc.edu/organization/literaryclub
Cultural,https://involved.hccc.edu/organization/pacdeistudentactiongroup
Cultural,https://involved.hccc.edu/organization/studentprogrammingboard
HCCC Department/Office,https://involved.hccc.edu/organization/hudson_tutorial
HCCC Department/Office,https://involved.hccc.edu/organization/ctli
HCCC Department/Office,https://involved.hccc.edu/organization/culturalaffairs
HCCC Department/Office,https://involved.hccc.edu/organization/hccclibraries
HCCC Department/Office,https://involved.hccc.edu/organization/hudsonhelps
HCCC Department/Office,https://involved.hccc.edu/organization/itsonus
Honor Society,https://involved.hccc.edu/organization/asl
Honor Society,https://involved.hccc.edu/organization/acs
Honor Society,https://involved.hccc.edu/organization/nsls
Honor Society,https://involved.hccc.edu/organization/ptk
Honor Society,https://involved.hccc.edu/organization/psibeta
Honor Society,https://involved.hccc.edu/organization/salute
Honor Society,https://involved.hccc.edu/organization/skd
Humanities,https://involved.hccc.edu/organization/environmentalclub
Humanities,https://involved.hccc.edu/organization/frenchclub
Humanities,https://involved.hccc.edu/organization/hcccfoodpantry
Humanities,https://involved.hccc.edu/organization/hsclub
Humanities,https://involved.hccc.edu/organization/literaryclub
Humanities,https://involved.hccc.edu/organization/mun
Humanities,https://involved.hccc.edu/organization/nsls
Humanities,https://involved.hccc.edu/organization/nursingclub
Humanities,https://involved.hccc.edu/organization/psychologyclub
Humanities,https://involved.hccc.edu/organization/skd
Personal Identity,https://involved.hccc.edu/organization/bsu
Personal Identity,https://involved.hccc.edu/organization/christianclub
Personal Identity,https://involved.hccc.edu/organization/embracesupportlead
Personal Identity,https://involved.hccc.edu/organization/itsonus
Personal Identity,https://involved.hccc.edu/organization/lgbtqclub
Personal Identity,https://involved.hccc.edu/organization/stemclub
Personal Identity,https://involved.hccc.edu/organization/sga
Personal Identity,https://involved.hccc.edu/organization/studentprogrammingboard
Personal Identity,https://involved.hccc.edu/organization/ceo-of-hudson
Political,https://involved.hccc.edu/organization/genzunfiltered
Political,https://involved.hccc.edu/organization/mun
Political,https://involved.hccc.edu/organization/pacdeistudentactiongroup
Political,https://involved.hccc.edu/organization/studentprogrammingboard
Recreation,https://involved.hccc.edu/organization/asl
Recreation,https://involved.hccc.edu/organization/environmentalclub
Recreation,https://involved.hccc.edu/organization/filmclub
Recreation,https://involved.hccc.edu/organization/thegamingclub
Religious,https://involved.hccc.edu/organization/christianclub
Service,https://involved.hccc.edu/organization/acs
Service,https://involved.hccc.edu/organization/businessaccountingclub
Service,https://involved.hccc.edu/organization/eof
Service,https://involved.hccc.edu/organization/environmentalclub
Service,https://involved.hccc.edu/organization/alumniservices
Service,https://involved.hccc.edu/organization/hcccfoodpantry
Service,https://involved.hccc.edu/organization/hsclub
Service,https://involved.hccc.edu/organization/itsonus
Service,https://involved.hccc.edu/organization/lgbtqclub
Service,https://involved.hccc.edu/organization/literaryclub
Student Affairs Department/Program,https://involved.hccc.edu/organization/aesnj
Student Affairs Department/Program,https://involved.hccc.edu/organization/cdc
Student Affairs Department/Program,https://involved.hccc.edu/organization/eof
Student Affairs Department/Program,https://involved.hccc.edu/organization/alumniservices
Student Affairs Department/Program,https://involved.hccc.edu/organization/hcccfoodpantry
Student-Led Club/Organization,https://involved.hccc.edu/organization/activemindshccc
Student-Led Club/Organization,https://involved.hccc.edu/organization/aesnj
Student-Led Club/Organization,https://involved.hccc.edu/organization/artanddesignclub
Student-Led Club/Organization,https://involved.hccc.edu/organization/biologyclub
Student-Led Club/Organization,https://involved.hccc.edu/organization/bsu
Student-Led Club/Organization,https://involved.hccc.edu/organization/businessaccountingclub
Student-Led Club/Organization,https://involved.hccc.edu/organization/christianclub
Student-Led Club/Organization,https://involved.hccc.edu/organization/computerscienceclub
Student-Led Club/Organization,https://involved.hccc.edu/organization/culinaryclub
Student-Led Club/Organization,https://involved.hccc.edu/organization/cybersecurity
