Academic/Honor Societies,https://maizepages.umich.edu/organization/180dc
Academic/Honor Societies,https://maizepages.umich.edu/organization/1931ehonorsociety
Academic/Honor Societies,https://maizepages.umich.edu/organization/1stgenengin
Academic/Honor Societies,https://maizepages.umich.edu/organization/agdatum
Academic/Honor Societies,https://maizepages.umich.edu/organization/aceconsultinggroup
Academic/Honor Societies,https://maizepages.umich.edu/organization/smithsoc
Academic/Honor Societies,https://maizepages.umich.edu/organization/guidedaeronauticsprogram
Academic/Honor Societies,https://maizepages.umich.edu/organization/aero_gsac
Academic/Honor Societies,https://maizepages.umich.edu/organization/ahs
Academic/Honor Societies,https://maizepages.umich.edu/organization/alphachisigma
Activism,https://maizepages.umich.edu/organization/idiosyncrasies
Activism,https://maizepages.umich.edu/organization/16strongtact
Activism,https://maizepages.umich.edu/organization/3degrees
Activism,https://maizepages.umich.edu/organization/48frames
Activism,https://maizepages.umich.edu/organization/asubuhi
Activism,https://maizepages.umich.edu/organization/abeng
Activism,https://maizepages.umich.edu/organization/activemindsuofm
Activism,https://maizepages.umich.edu/organization/smithsoc
Activism,https://maizepages.umich.edu/organization/gradasa
Activism,https://maizepages.umich.edu/organization/alicelloyd
Business & Entrepreneurship,https://maizepages.umich.edu/organization/180dc
Business & Entrepreneurship,https://maizepages.umich.edu/organization/av
Business & Entrepreneurship,https://maizepages.umich.edu/organization/aceconsultinggroup
Business & Entrepreneurship,https://maizepages.umich.edu/organization/adobecreativeclub
Business & Entrepreneurship,https://maizepages.umich.edu/organization/africabusinessclub
Business & Entrepreneurship,https://maizepages.umich.edu/organization/aih
Business & Entrepreneurship,https://maizepages.umich.edu/organization/aiesec
Business & Entrepreneurship,https://maizepages.umich.edu/organization/allianceconsulting
Business & Entrepreneurship,https://maizepages.umich.edu/organization/akpsi_phi
Business & Entrepreneurship,https://maizepages.umich.edu/organization/alphathetadeltaumich
Creative & Performing Arts,https://maizepages.umich.edu/organization/idiosyncrasies
Creative & Performing Arts,https://maizepages.umich.edu/organization/1_take
Creative & Performing Arts,https://maizepages.umich.edu/organization/58greene
Creative & Performing Arts,https://maizepages.umich.edu/organization/grimkes
Creative & Performing Arts,https://maizepages.umich.edu/organization/asqauredmagazine
Creative & Performing Arts,https://maizepages.umich.edu/organization/a2ml
Creative & Performing Arts,https://maizepages.umich.edu/organization/av
Creative & Performing Arts,https://maizepages.umich.edu/organization/altrealityinitiative
Creative & Performing Arts,https://maizepages.umich.edu/organization/amaladancers
Creative & Performing Arts,https://maizepages.umich.edu/organization/amateurhour
Cultural/Ethnic,https://maizepages.umich.edu/organization/1stgenengin
Cultural/Ethnic,https://maizepages.umich.edu/organization/48frames
Cultural/Ethnic,https://maizepages.umich.edu/organization/58greene
Cultural/Ethnic,https://maizepages.umich.edu/organization/asubuhi
Cultural/Ethnic,https://maizepages.umich.edu/organization/grimkes
Cultural/Ethnic,https://maizepages.umich.edu/organization/a2ml
Cultural/Ethnic,https://maizepages.umich.edu/organization/abeng
Cultural/Ethnic,https://maizepages.umich.edu/organization/activemindsuofm
Cultural/Ethnic,https://maizepages.umich.edu/organization/adaptivesports
Cultural/Ethnic,https://maizepages.umich.edu/organization/africabusinessclub
Department,https://maizepages.umich.edu/organization/bli
Department,https://maizepages.umich.edu/organization/cic
Department,https://maizepages.umich.edu/organization/campusinvolvement
Department,https://maizepages.umich.edu/organization/clubsports
Department,https://maizepages.umich.edu/organization/coestudentaffairs
Department,https://maizepages.umich.edu/organization/soc1
Department,https://maizepages.umich.edu/organization/dpss
Department,https://maizepages.umich.edu/organization/firstyearexperience
Department,https://maizepages.umich.edu/organization/internationalcenter
Department,https://maizepages.umich.edu/organization/judaic
Environmental,https://maizepages.umich.edu/organization/3degrees
Environmental,https://maizepages.umich.edu/organization/acdcelectricmotors
Environmental,https://maizepages.umich.edu/organization/ambatanamulticulturalcouncil
Environmental,https://maizepages.umich.edu/organization/asce
Environmental,https://maizepages.umich.edu/organization/animalethicssociety
Environmental,https://maizepages.umich.edu/organization/am-pm
Environmental,https://maizepages.umich.edu/organization/bigdill
Environmental,https://maizepages.umich.edu/organization/bioinformaticsclub
Environmental,https://maizepages.umich.edu/organization/bluemissions
Environmental,https://maizepages.umich.edu/organization/bluelab
Gender/Sexuality,https://maizepages.umich.edu/organization/asubuhi
Gender/Sexuality,https://maizepages.umich.edu/organization/abeng
Gender/Sexuality,https://maizepages.umich.edu/organization/ambatanamulticulturalcouncil
Gender/Sexuality,https://maizepages.umich.edu/organization/amenaspa
Gender/Sexuality,https://maizepages.umich.edu/organization/aclu-umls
Gender/Sexuality,https://maizepages.umich.edu/organization/amwa
Gender/Sexuality,https://maizepages.umich.edu/organization/awm
Gender/Sexuality,https://maizepages.umich.edu/organization/beyondthebook
Gender/Sexuality,https://maizepages.umich.edu/organization/bilateral
Gender/Sexuality,https://maizepages.umich.edu/organization/bpsph
Governance,https://maizepages.umich.edu/organization/asubuhi
Governance,https://maizepages.umich.edu/organization/smithsoc
Governance,https://maizepages.umich.edu/organization/aero_gsac
Governance,https://maizepages.umich.edu/organization/ahs
Governance,https://maizepages.umich.edu/organization/alicelloyd
Governance,https://maizepages.umich.edu/organization/aclu
Governance,https://maizepages.umich.edu/organization/alastudentchapter
Governance,https://maizepages.umich.edu/organization/amamss
Governance,https://maizepages.umich.edu/organization/arc
Governance,https://maizepages.umich.edu/organization/baits
Graduate/Professional,https://maizepages.umich.edu/organization/180dc
Graduate/Professional,https://maizepages.umich.edu/organization/1loac
Graduate/Professional,https://maizepages.umich.edu/organization/1stgenengin
Graduate/Professional,https://maizepages.umich.edu/organization/agdatum
Graduate/Professional,https://maizepages.umich.edu/organization/acsmedchem
Graduate/Professional,https://maizepages.umich.edu/organization/smithsoc
Graduate/Professional,https://maizepages.umich.edu/organization/aero_gsac
Graduate/Professional,https://maizepages.umich.edu/organization/africabusinessclub
Graduate/Professional,https://maizepages.umich.edu/organization/aih
Graduate/Professional,https://maizepages.umich.edu/organization/gradasa
Health & Wellness,https://maizepages.umich.edu/organization/a2-exploration-cult
Health & Wellness,https://maizepages.umich.edu/organization/16strongtact
Health & Wellness,https://maizepages.umich.edu/organization/1stgenengin
Health & Wellness,https://maizepages.umich.edu/organization/asubuhi
Health & Wellness,https://maizepages.umich.edu/organization/aceingautism
Health & Wellness,https://maizepages.umich.edu/organization/activemindsuofm
Health & Wellness,https://maizepages.umich.edu/organization/a_g
Health & Wellness,https://maizepages.umich.edu/organization/adaptivesports
Health & Wellness,https://maizepages.umich.edu/organization/adventistchristianfellowship
Health & Wellness,https://maizepages.umich.edu/organization/gradasa
Media & Creative Writing,https://maizepages.umich.edu/organization/idiosyncrasies
Media & Creative Writing,https://maizepages.umich.edu/organization/48frames
Media & Creative Writing,https://maizepages.umich.edu/organization/asqauredmagazine
Media & Creative Writing,https://maizepages.umich.edu/organization/av
Media & Creative Writing,https://maizepages.umich.edu/organization/adobecreativeclub
Media & Creative Writing,https://maizepages.umich.edu/organization/agoraplanningjournal
Media & Creative Writing,https://maizepages.umich.edu/organization/altrealityinitiative
Media & Creative Writing,https://maizepages.umich.edu/organization/aaf
Media & Creative Writing,https://maizepages.umich.edu/organization/animania
Media & Creative Writing,https://maizepages.umich.edu/organization/arabicclub
Religious/Spiritual,https://maizepages.umich.edu/organization/access
Religious/Spiritual,https://maizepages.umich.edu/organization/adventistchristianfellowship
Religious/Spiritual,https://maizepages.umich.edu/organization/ambatanamulticulturalcouncil
Religious/Spiritual,https://maizepages.umich.edu/organization/ammsa
Religious/Spiritual,https://maizepages.umich.edu/organization/anchorfellowship
Religious/Spiritual,https://maizepages.umich.edu/organization/saltcompany
Religious/Spiritual,https://maizepages.umich.edu/organization/aivcf
Religious/Spiritual,https://maizepages.umich.edu/organization/athletesinaction
Religious/Spiritual,https://maizepages.umich.edu/organization/bahaiclub
Religious/Spiritual,https://maizepages.umich.edu/organization/baps_campus_fellowship
Science/Technology/Engineering,https://maizepages.umich.edu/organization/1931ehonorsociety
Science/Technology/Engineering,https://maizepages.umich.edu/organization/1stgenengin
Science/Technology/Engineering,https://maizepages.umich.edu/organization/acdcelectricmotors
Science/Technology/Engineering,https://maizepages.umich.edu/organization/acsmedchem
Science/Technology/Engineering,https://maizepages.umich.edu/organization/adobecreativeclub
Science/Technology/Engineering,https://maizepages.umich.edu/organization/amsro
Science/Technology/Engineering,https://maizepages.umich.edu/organization/aih
Science/Technology/Engineering,https://maizepages.umich.edu/organization/gradasa
Science/Technology/Engineering,https://maizepages.umich.edu/organization/allianceconsulting
Science/Technology/Engineering,https://maizepages.umich.edu/organization/alphachisigma
Service/Service Learning,https://maizepages.umich.edu/organization/asubuhi
Service/Service Learning,https://maizepages.umich.edu/organization/abeng
Service/Service Learning,https://maizepages.umich.edu/organization/aceconsultinggroup
Service/Service Learning,https://maizepages.umich.edu/organization/aceingautism
Service/Service Learning,https://maizepages.umich.edu/organization/activemindsuofm
Service/Service Learning,https://maizepages.umich.edu/organization/a_g
Service/Service Learning,https://maizepages.umich.edu/organization/adaptivesports
Service/Service Learning,https://maizepages.umich.edu/organization/adventistchristianfellowship
Service/Service Learning,https://maizepages.umich.edu/organization/aiesec
Service/Service Learning,https://maizepages.umich.edu/organization/aaso
Social Fraternity/Sorority,https://maizepages.umich.edu/organization/alphachiomega
Social Fraternity/Sorority,https://maizepages.umich.edu/organization/adpi
Social Fraternity/Sorority,https://maizepages.umich.edu/organization/chipsi
Social Fraternity/Sorority,https://maizepages.umich.edu/organization/alphagammadelta
Social Fraternity/Sorority,https://maizepages.umich.edu/organization/aka1908
Social Fraternity/Sorority,https://maizepages.umich.edu/organization/akdphi
Social Fraternity/Sorority,https://maizepages.umich.edu/organization/alpha_phi_alpha_epsilon_chapter
Social Fraternity/Sorority,https://maizepages.umich.edu/organization/alphaphitheta
Social Fraternity/Sorority,https://maizepages.umich.edu/organization/alphathetadeltaumich
Social Fraternity/Sorority,https://maizepages.umich.edu/organization/betamuepsilon
Sport Clubs & Recreation,https://maizepages.umich.edu/organization/a2-exploration-cult
Sport Clubs & Recreation,https://maizepages.umich.edu/organization/a2ml
Sport Clubs & Recreation,https://maizepages.umich.edu/organization/acdcelectricmotors
Sport Clubs & Recreation,https://maizepages.umich.edu/organization/aceingautism
Sport Clubs & Recreation,https://maizepages.umich.edu/organization/achahockeyd3
Sport Clubs & Recreation,https://maizepages.umich.edu/organization/a_g
Sport Clubs & Recreation,https://maizepages.umich.edu/organization/adaptivesports
Sport Clubs & Recreation,https://maizepages.umich.edu/organization/skiteam
Sport Clubs & Recreation,https://maizepages.umich.edu/organization/a2fgc
Sport Clubs & Recreation,https://maizepages.umich.edu/organization/a2melee
Academic Support,https://maroonlink.tamu.edu/organization/academic_success
Academic Support,https://maroonlink.tamu.edu/organization/aggiehonorsystem
Academic Support,https://maroonlink.tamu.edu/organization/careercenter
Academic Support,https://maroonlink.tamu.edu/organization/coarchitecture
Academic Support,https://maroonlink.tamu.edu/organization/psychologydept
Academic Support,https://maroonlink.tamu.edu/organization/coa_diversity
Academic Support,https://maroonlink.tamu.edu/organization/engineeringx
Academic Support,https://maroonlink.tamu.edu/organization/ogaps
Academic Support,https://maroonlink.tamu.edu/organization/peap
Academic Support,https://maroonlink.tamu.edu/organization/TAMU_IT
Academic-Agriculture and Life Science,https://maroonlink.tamu.edu/organization/tamueco
Academic-Agriculture and Life Science,https://maroonlink.tamu.edu/organization/aquarium
Academic-Agriculture and Life Science,https://maroonlink.tamu.edu/organization/afiso
Academic-Agriculture and Life Science,https://maroonlink.tamu.edu/organization/rptsaggiereps
Academic-Agriculture and Life Science,https://maroonlink.tamu.edu/organization/aggiereps
Academic-Agriculture and Life Science,https://maroonlink.tamu.edu/organization/tamushields
Academic-Agriculture and Life Science,https://maroonlink.tamu.edu/organization/ageconsociety
Academic-Agriculture and Life Science,https://maroonlink.tamu.edu/organization/afs
Academic-Agriculture and Life Science,https://maroonlink.tamu.edu/organization/asgsa
Academic-Agriculture and Life Science,https://maroonlink.tamu.edu/organization/baengsa
Academic-Architecture,https://maroonlink.tamu.edu/organization/awic
Academic-Architecture,https://maroonlink.tamu.edu/organization/aias
Academic-Architecture,https://maroonlink.tamu.edu/organization/abcosc
Academic-Architecture,https://maroonlink.tamu.edu/organization/asp
Academic-Architecture,https://maroonlink.tamu.edu/organization/cmso
Academic-Architecture,https://maroonlink.tamu.edu/organization/coarchitecture
Academic-Architecture,https://maroonlink.tamu.edu/organization/coa_diversity
Academic-Architecture,https://maroonlink.tamu.edu/organization/inkd
Academic-Architecture,https://maroonlink.tamu.edu/organization/nahb
Academic-Architecture,https://maroonlink.tamu.edu/organization/slc
Academic-Business,https://maroonlink.tamu.edu/organization/aac
Academic-Business,https://maroonlink.tamu.edu/organization/abk
Academic-Business,https://maroonlink.tamu.edu/organization/aic
Academic-Business,https://maroonlink.tamu.edu/organization/asit
Academic-Business,https://maroonlink.tamu.edu/organization/ascp
Academic-Business,https://maroonlink.tamu.edu/organization/aggietoastmasters
Academic-Business,https://maroonlink.tamu.edu/organization/11
Academic-Business,https://maroonlink.tamu.edu/organization/alpfa
Academic-Business,https://maroonlink.tamu.edu/organization/abwa
Academic-Business,https://maroonlink.tamu.edu/organization/ama
Academic-Education and Human Development,https://maroonlink.tamu.edu/organization/aata
Academic-Education and Human Development,https://maroonlink.tamu.edu/organization/aggieaep
Academic-Education and Human Development,https://maroonlink.tamu.edu/organization/acei
Academic-Education and Human Development,https://maroonlink.tamu.edu/organization/beso
Academic-Education and Human Development,https://maroonlink.tamu.edu/organization/cehdusc
Academic-Education and Human Development,https://maroonlink.tamu.edu/organization/das
Academic-Education and Human Development,https://maroonlink.tamu.edu/organization/epso
Academic-Education and Human Development,https://maroonlink.tamu.edu/organization/esg
Academic-Education and Human Development,https://maroonlink.tamu.edu/organization/25
Academic-Education and Human Development,https://maroonlink.tamu.edu/organization/grab
Academic-Engineering,https://maroonlink.tamu.edu/organization/12thastronautlab
Academic-Engineering,https://maroonlink.tamu.edu/organization/aawe
Academic-Engineering,https://maroonlink.tamu.edu/organization/ace
Academic-Engineering,https://maroonlink.tamu.edu/organization/aggiefirst
Academic-Engineering,https://maroonlink.tamu.edu/organization/aggiesatlab
Academic-Engineering,https://maroonlink.tamu.edu/organization/agsm
Academic-Engineering,https://maroonlink.tamu.edu/organization/aemb
Academic-Engineering,https://maroonlink.tamu.edu/organization/apm
Academic-Engineering,https://maroonlink.tamu.edu/organization/aade
Academic-Engineering,https://maroonlink.tamu.edu/organization/aiaa
Academic-Geosciences,https://maroonlink.tamu.edu/organization/tamuaapg
Academic-Geosciences,https://maroonlink.tamu.edu/organization/asgc
Academic-Geosciences,https://maroonlink.tamu.edu/organization/epic
Academic-Geosciences,https://maroonlink.tamu.edu/organization/gggsc
Academic-Geosciences,https://maroonlink.tamu.edu/organization/sgc
Academic-Geosciences,https://maroonlink.tamu.edu/organization/geographysociety
Academic-Geosciences,https://maroonlink.tamu.edu/organization/tamscams
Academic-Geosciences,https://maroonlink.tamu.edu/organization/geology_geophysics_society
Academic-Geosciences,https://maroonlink.tamu.edu/organization/tamusacnas
Academic-Government and Public Service,https://maroonlink.tamu.edu/organization/pso
Academic-Government and Public Service,https://maroonlink.tamu.edu/organization/bushschoolsga
Academic-Government and Public Service,https://maroonlink.tamu.edu/organization/theambassadors
Academic-Health Sciences,https://maroonlink.tamu.edu/organization/anona
Academic-Health Sciences,https://maroonlink.tamu.edu/organization/apna
Academic-Health Sciences,https://maroonlink.tamu.edu/organization/ash
Academic-Health Sciences,https://maroonlink.tamu.edu/organization/dem
Academic-Health Sciences,https://maroonlink.tamu.edu/organization/assp
Academic-Health Sciences,https://maroonlink.tamu.edu/organization/afhl
Academic-Health Sciences,https://maroonlink.tamu.edu/organization/chl
Academic-Health Sciences,https://maroonlink.tamu.edu/organization/comgso
Academic-Health Sciences,https://maroonlink.tamu.edu/organization/chpso
Academic-Health Sciences,https://maroonlink.tamu.edu/organization/ihi
Academic-Law,https://maroonlink.tamu.edu/organization/180degrees
Academic-Law,https://maroonlink.tamu.edu/organization/acs
Academic-Law,https://maroonlink.tamu.edu/organization/15
Academic-Law,https://maroonlink.tamu.edu/organization/blsa
Academic-Law,https://maroonlink.tamu.edu/organization/boa
Academic-Law,https://maroonlink.tamu.edu/organization/business_law_society
Academic-Law,https://maroonlink.tamu.edu/organization/familylaw
Academic-Law,https://maroonlink.tamu.edu/organization/hlsa
Academic-Law,https://maroonlink.tamu.edu/organization/immigration
Academic-Law,https://maroonlink.tamu.edu/organization/68
Academic-Liberal Arts,https://maroonlink.tamu.edu/organization/ac
Academic-Liberal Arts,https://maroonlink.tamu.edu/organization/adc
Academic-Liberal Arts,https://maroonlink.tamu.edu/organization/bsac
Academic-Liberal Arts,https://maroonlink.tamu.edu/organization/psychologydept
Academic-Liberal Arts,https://maroonlink.tamu.edu/organization/flare
Academic-Liberal Arts,https://maroonlink.tamu.edu/organization/lasc
Academic-Liberal Arts,https://maroonlink.tamu.edu/organization/aggiephilclub
Academic-Liberal Arts,https://maroonlink.tamu.edu/organization/psichi
Academic-Liberal Arts,https://maroonlink.tamu.edu/organization/prssa
Academic-Liberal Arts,https://maroonlink.tamu.edu/organization/std
Academic-Science,https://maroonlink.tamu.edu/organization/aggieactuaries
Academic-Science,https://maroonlink.tamu.edu/organization/a-step
Academic-Science,https://maroonlink.tamu.edu/organization/acssac
Academic-Science,https://maroonlink.tamu.edu/organization/biogsa
Academic-Science,https://maroonlink.tamu.edu/organization/btsociety
Academic-Science,https://maroonlink.tamu.edu/organization/cmsl
Academic-Science,https://maroonlink.tamu.edu/organization/dsap
Academic-Science,https://maroonlink.tamu.edu/organization/eebso
Academic-Science,https://maroonlink.tamu.edu/organization/educationabraod
Academic-Science,https://maroonlink.tamu.edu/organization/ocdc
Academic-Veterinary Medicine and Biomedical Sciences,https://maroonlink.tamu.edu/organization/gsacvm
Academic-Veterinary Medicine and Biomedical Sciences,https://maroonlink.tamu.edu/organization/vets
Academic-Veterinary Medicine and Biomedical Sciences,https://maroonlink.tamu.edu/organization/theriogenology
Academic-Veterinary Medicine and Biomedical Sciences,https://maroonlink.tamu.edu/organization/scaabp
Academic-Veterinary Medicine and Biomedical Sciences,https://maroonlink.tamu.edu/organization/44
Academic-Veterinary Medicine and Biomedical Sciences,https://maroonlink.tamu.edu/organization/45
Academic-Veterinary Medicine and Biomedical Sciences,https://maroonlink.tamu.edu/organization/acvp
Academic-Veterinary Medicine and Biomedical Sciences,https://maroonlink.tamu.edu/organization/scivapm
Academic-Veterinary Medicine and Biomedical Sciences,https://maroonlink.tamu.edu/organization/48
Academic-Veterinary Medicine and Biomedical Sciences,https://maroonlink.tamu.edu/organization/svoc
Arts/Entertainment,https://maroonlink.tamu.edu/organization/ame
Arts/Entertainment,https://maroonlink.tamu.edu/organization/photography_club
Arts/Entertainment,https://maroonlink.tamu.edu/organization/abc
Arts/Entertainment,https://maroonlink.tamu.edu/organization/afe
Arts/Entertainment,https://maroonlink.tamu.edu/organization/kolbitarsociety
Arts/Entertainment,https://maroonlink.tamu.edu/organization/aggiesama
Arts/Entertainment,https://maroonlink.tamu.edu/organization/swamp
Arts/Entertainment,https://maroonlink.tamu.edu/organization/aw
Arts/Entertainment,https://maroonlink.tamu.edu/organization/aggielandmariachi
Arts/Entertainment,https://maroonlink.tamu.edu/organization/aggielandnorteno
Division of Student Affairs,https://maroonlink.tamu.edu/organization/bgcc
Division of Student Affairs,https://maroonlink.tamu.edu/organization/BTHOHarvey
Division of Student Affairs,https://maroonlink.tamu.edu/organization/choralactivities
Division of Student Affairs,https://maroonlink.tamu.edu/organization/corps
Division of Student Affairs,https://maroonlink.tamu.edu/organization/ooc-rehab
Division of Student Affairs,https://maroonlink.tamu.edu/organization/disability
Division of Student Affairs,https://maroonlink.tamu.edu/organization/summerschool
Division of Student Affairs,https://maroonlink.tamu.edu/organization/studentlearning
Division of Student Affairs,https://maroonlink.tamu.edu/organization/dsacomm
Division of Student Affairs,https://maroonlink.tamu.edu/organization/dsa_hip
Fraternity/Sorority Life,https://maroonlink.tamu.edu/organization/axo
Fraternity/Sorority Life,https://maroonlink.tamu.edu/organization/adpi
Fraternity/Sorority Life,https://maroonlink.tamu.edu/organization/zbs
Fraternity/Sorority Life,https://maroonlink.tamu.edu/organization/agr
Fraternity/Sorority Life,https://maroonlink.tamu.edu/organization/aka
Fraternity/Sorority Life,https://maroonlink.tamu.edu/organization/aphia
Fraternity/Sorority Life,https://maroonlink.tamu.edu/organization/ato
Fraternity/Sorority Life,https://maroonlink.tamu.edu/organization/bct
Fraternity/Sorority Life,https://maroonlink.tamu.edu/organization/bto
Fraternity/Sorority Life,https://maroonlink.tamu.edu/organization/beta
International/Multicultural,https://maroonlink.tamu.edu/organization/amif
International/Multicultural,https://maroonlink.tamu.edu/organization/asa
International/Multicultural,https://maroonlink.tamu.edu/organization/aggiefrenchclub
International/Multicultural,https://maroonlink.tamu.edu/organization/arabstudents
International/Multicultural,https://maroonlink.tamu.edu/organization/apc
International/Multicultural,https://maroonlink.tamu.edu/organization/tamuasa
International/Multicultural,https://maroonlink.tamu.edu/organization/4
International/Multicultural,https://maroonlink.tamu.edu/organization/brsa
International/Multicultural,https://maroonlink.tamu.edu/organization/chinesenewcomerclub
International/Multicultural,https://maroonlink.tamu.edu/organization/cssa
Leadership/Governance,https://maroonlink.tamu.edu/organization/muster
Leadership/Governance,https://maroonlink.tamu.edu/organization/apfa
Leadership/Governance,https://maroonlink.tamu.edu/organization/arc
Leadership/Governance,https://maroonlink.tamu.edu/organization/replant
Leadership/Governance,https://maroonlink.tamu.edu/organization/asb
Leadership/Governance,https://maroonlink.tamu.edu/organization/bylt
Leadership/Governance,https://maroonlink.tamu.edu/organization/carpool
Leadership/Governance,https://maroonlink.tamu.edu/organization/cosga
Leadership/Governance,https://maroonlink.tamu.edu/organization/glc
Leadership/Governance,https://maroonlink.tamu.edu/organization/ec
Memorial Student Center,https://maroonlink.tamu.edu/organization/mscaflc
Memorial Student Center,https://maroonlink.tamu.edu/organization/aggiecinema
Memorial Student Center,https://maroonlink.tamu.edu/organization/mscalot
Memorial Student Center,https://maroonlink.tamu.edu/organization/msccamac
Memorial Student Center,https://maroonlink.tamu.edu/organization/mscwbac
Memorial Student Center,https://maroonlink.tamu.edu/organization/mscflc
Memorial Student Center,https://maroonlink.tamu.edu/organization/mscfli
Memorial Student Center,https://maroonlink.tamu.edu/organization/mscfish
Memorial Student Center,https://maroonlink.tamu.edu/organization/mschospitality
Memorial Student Center,https://maroonlink.tamu.edu/organization/mscjordaninstitute
Military,https://maroonlink.tamu.edu/organization/1bdestaff
Military,https://maroonlink.tamu.edu/organization/1stwing
Military,https://maroonlink.tamu.edu/organization/2ndbde
Military,https://maroonlink.tamu.edu/organization/2dwing
Military,https://maroonlink.tamu.edu/organization/3bde
Military,https://maroonlink.tamu.edu/organization/3dwing
Military,https://maroonlink.tamu.edu/organization/1stregstaff
Military,https://maroonlink.tamu.edu/organization/2ndregiment
Military,https://maroonlink.tamu.edu/organization/3rd_regiment_staff
Military,https://maroonlink.tamu.edu/organization/abatt
Politics/Advocacy,https://maroonlink.tamu.edu/organization/aesta
Politics/Advocacy,https://maroonlink.tamu.edu/organization/liberty
Politics/Advocacy,https://maroonlink.tamu.edu/organization/ahs
Politics/Advocacy,https://maroonlink.tamu.edu/organization/cmsa
Politics/Advocacy,https://maroonlink.tamu.edu/organization/europeanhorizons
Politics/Advocacy,https://maroonlink.tamu.edu/organization/feminism4aggies
Politics/Advocacy,https://maroonlink.tamu.edu/organization/pca
Politics/Advocacy,https://maroonlink.tamu.edu/organization/naacp
Politics/Advocacy,https://maroonlink.tamu.edu/organization/pla
Politics/Advocacy,https://maroonlink.tamu.edu/organization/perg
Professional/Career,https://maroonlink.tamu.edu/organization/afwa
Professional/Career,https://maroonlink.tamu.edu/organization/agpcc
Professional/Career,https://maroonlink.tamu.edu/organization/aoa
Professional/Career,https://maroonlink.tamu.edu/organization/ash
Professional/Career,https://maroonlink.tamu.edu/organization/aiesec
Professional/Career,https://maroonlink.tamu.edu/organization/aed
Professional/Career,https://maroonlink.tamu.edu/organization/amsapremed
Professional/Career,https://maroonlink.tamu.edu/organization/asmetech
Professional/Career,https://maroonlink.tamu.edu/organization/afsap
Professional/Career,https://maroonlink.tamu.edu/organization/careercenter
Recreation/Sports,https://maroonlink.tamu.edu/organization/aggieadaptivesports
Recreation/Sports,https://maroonlink.tamu.edu/organization/aggieangels
Recreation/Sports,https://maroonlink.tamu.edu/organization/aggieanglers
Recreation/Sports,https://maroonlink.tamu.edu/organization/aggiecamping
Recreation/Sports,https://maroonlink.tamu.edu/organization/acc
Recreation/Sports,https://maroonlink.tamu.edu/organization/aggieicers
Recreation/Sports,https://maroonlink.tamu.edu/organization/ass
Recreation/Sports,https://maroonlink.tamu.edu/organization/ayc
Recreation/Sports,https://maroonlink.tamu.edu/organization/brazilianjiu_jitsu
Recreation/Sports,https://maroonlink.tamu.edu/organization/peap
Religious/Spiritual,https://maroonlink.tamu.edu/organization/unitedmethodist
Religious/Spiritual,https://maroonlink.tamu.edu/organization/cshopcampusministry
Religious/Spiritual,https://maroonlink.tamu.edu/organization/acf
Religious/Spiritual,https://maroonlink.tamu.edu/organization/aggiechristianteachers
Religious/Spiritual,https://maroonlink.tamu.edu/organization/amc
Religious/Spiritual,https://maroonlink.tamu.edu/organization/asc
Religious/Spiritual,https://maroonlink.tamu.edu/organization/ccsa
Religious/Spiritual,https://maroonlink.tamu.edu/organization/aim
Religious/Spiritual,https://maroonlink.tamu.edu/organization/anmccf
Religious/Spiritual,https://maroonlink.tamu.edu/organization/ao
Residence Halls,https://maroonlink.tamu.edu/organization/appelthallstaff
Residence Halls,https://maroonlink.tamu.edu/organization/astonhallcouncil
Residence Halls,https://maroonlink.tamu.edu/organization/astonkiesthallstaff
Residence Halls,https://maroonlink.tamu.edu/organization/kruegerhall
Residence Halls,https://maroonlink.tamu.edu/organization/clem
Residence Halls,https://maroonlink.tamu.edu/organization/clementshallstaff
Residence Halls,https://maroonlink.tamu.edu/organization/wellshall
Residence Halls,https://maroonlink.tamu.edu/organization/cornerstonellc
Residence Halls,https://maroonlink.tamu.edu/organization/dghallcouncil
Residence Halls,https://maroonlink.tamu.edu/organization/davisgaryhallstaff
Safety Resources,https://maroonlink.tamu.edu/organization/careercenter
Safety Resources,https://maroonlink.tamu.edu/organization/greeklife
Safety Resources,https://maroonlink.tamu.edu/organization/sass_committee
Safety Resources,https://maroonlink.tamu.edu/organization/soda
Safety Resources,https://maroonlink.tamu.edu/organization/TransportationServices
Safety Resources,https://maroonlink.tamu.edu/organization/upd
Service,https://maroonlink.tamu.edu/organization/girlscouts
Service,https://maroonlink.tamu.edu/organization/nonprofitinitiative
Service,https://maroonlink.tamu.edu/organization/aggiesunited
Service,https://maroonlink.tamu.edu/organization/baaldancharitiestamuchapter
Service,https://maroonlink.tamu.edu/organization/cry
Service,https://maroonlink.tamu.edu/organization/cki
Service,https://maroonlink.tamu.edu/organization/ewbtamu
Service,https://maroonlink.tamu.edu/organization/futurenonprofitfounders
Service,https://maroonlink.tamu.edu/organization/27
Service,https://maroonlink.tamu.edu/organization/gbb
Service,https://maroonlink.tamu.edu/organization/activeminds
Service,https://maroonlink.tamu.edu/organization/aggieaces
Service,https://maroonlink.tamu.edu/organization/aggiebabes
Service,https://maroonlink.tamu.edu/organization/aef
Service,https://maroonlink.tamu.edu/organization/afc
Service,https://maroonlink.tamu.edu/organization/60
Service,https://maroonlink.tamu.edu/organization/aggienetwork
Service,https://maroonlink.tamu.edu/organization/aolp
Service,https://maroonlink.tamu.edu/organization/servicehours
Service,https://maroonlink.tamu.edu/organization/aggietransitioncamps
Service,https://maroonlink.tamu.edu/organization/aai
Service,https://maroonlink.tamu.edu/organization/aggiebabes
Service,https://maroonlink.tamu.edu/organization/aggiebelles
Service,https://maroonlink.tamu.edu/organization/emeralds
Service,https://maroonlink.tamu.edu/organization/ags
Service,https://maroonlink.tamu.edu/organization/aggiehabitat
Service,https://maroonlink.tamu.edu/organization/alas
Service,https://maroonlink.tamu.edu/organization/aggierelay
Service,https://maroonlink.tamu.edu/organization/rotaract
Service,https://maroonlink.tamu.edu/organization/asv
Special Interests,https://maroonlink.tamu.edu/organization/bitcoin
Special Interests,https://maroonlink.tamu.edu/organization/aa
Special Interests,https://maroonlink.tamu.edu/organization/aais
Special Interests,https://maroonlink.tamu.edu/organization/aca
Special Interests,https://maroonlink.tamu.edu/organization/aggiecodingclub
Special Interests,https://maroonlink.tamu.edu/organization/2
Special Interests,https://maroonlink.tamu.edu/organization/ala
Special Interests,https://maroonlink.tamu.edu/organization/afe
Special Interests,https://maroonlink.tamu.edu/organization/aggiekcam
Special Interests,https://maroonlink.tamu.edu/organization/aggiemensalliance
University Services,https://maroonlink.tamu.edu/organization/aggiehonorsystem
University Services,https://maroonlink.tamu.edu/organization/aggienetwork
University Services,https://maroonlink.tamu.edu/organization/tamu_afs
University Services,https://maroonlink.tamu.edu/organization/MarComm
University Services,https://maroonlink.tamu.edu/organization/SSC_facilities
University Services,https://maroonlink.tamu.edu/organization/iss
University Services,https://maroonlink.tamu.edu/organization/lsc
University Services,https://maroonlink.tamu.edu/organization/ogaps
University Services,https://maroonlink.tamu.edu/organization/studentactivities
University Services,https://maroonlink.tamu.edu/organization/shs
Academic Student Organizations,https://callink.berkeley.edu/organization/alpha-chi-sigma
Academic Student Organizations,https://callink.berkeley.edu/organization/calapx
Academic Student Organizations,https://callink.berkeley.edu/organization/acs
Academic Student Organizations,https://callink.berkeley.edu/organization/americannuclearsociety
Academic Student Organizations,https://callink.berkeley.edu/organization/asce
Academic Student Organizations,https://callink.berkeley.edu/organization/archbioadventures
Academic Student Organizations,https://callink.berkeley.edu/organization/baocmentorship
Academic Student Organizations,https://callink.berkeley.edu/organization/bavrd
Academic Student Organizations,https://callink.berkeley.edu/organization/bjesl
Academic Student Organizations,https://callink.berkeley.edu/organization/blsa
Arts Student Organizations,https://callink.berkeley.edu/organization/artisticnerds4theatreinclusivity
Arts Student Organizations,https://callink.berkeley.edu/organization/artandmind
Arts Student Organizations,https://callink.berkeley.edu/organization/bampfasc
Arts Student Organizations,https://callink.berkeley.edu/organization/berkeleyinnovation
Arts Student Organizations,https://callink.berkeley.edu/organization/caughtonfilm
Arts Student Organizations,https://callink.berkeley.edu/organization/chinesephotographyassociation
Arts Student Organizations,https://callink.berkeley.edu/organization/clayclub
Arts Student Organizations,https://callink.berkeley.edu/organization/calorigami
Arts Student Organizations,https://callink.berkeley.edu/organization/care
Arts Student Organizations,https://callink.berkeley.edu/organization/designatberkeley
ASUC Coalition / Commission,https://callink.berkeley.edu/organization/asucdiversityaffairscommission
ASUC Coalition / Commission,https://callink.berkeley.edu/organization/asuchealthadvocacycommission
ASUC Coalition / Commission,https://callink.berkeley.edu/organization/calipvc
ASUC Coalition / Commission,https://callink.berkeley.edu/organization/asucmhc
ASUC Coalition / Commission,https://callink.berkeley.edu/organization/asucposc
ASUC Coalition / Commission,https://callink.berkeley.edu/organization/asucptsc
ASUC Coalition / Commission,https://callink.berkeley.edu/organization/asucrjc
ASUC Coalition / Commission,https://callink.berkeley.edu/organization/asucsexualassaultcommission
ASUC Coalition / Commission,https://callink.berkeley.edu/organization/asucsustainabilityteam
ASUC Government Offices,https://callink.berkeley.edu/organization/asucelectioncouncil
ASUC Government Offices,https://callink.berkeley.edu/organization/asucacademicaffairsvicepresident
ASUC Government Offices,https://callink.berkeley.edu/organization/asucexternalaffairsvicepresident
ASUC Government Offices,https://callink.berkeley.edu/organization/asucexecutivevicepresident
ASUC Government Offices,https://callink.berkeley.edu/organization/asucpresidentsoffice
ASUC Government Offices,https://callink.berkeley.edu/organization/asucsenateonly
ASUC Government Offices,https://callink.berkeley.edu/organization/suboard
ASUC Government Offices,https://callink.berkeley.edu/organization/asucadmin
ASUC Government Offices,https://callink.berkeley.edu/organization/appoff
ASUC Government Offices,https://callink.berkeley.edu/organization/capitalimprovements
ASUC Government Programs,https://callink.berkeley.edu/organization/innovativedesign
ASUC Government Programs,https://callink.berkeley.edu/organization/gsf
ASUC Government Programs,https://callink.berkeley.edu/organization/asucintern
ASUC Government Programs,https://callink.berkeley.edu/organization/memssa
ASUC Government Programs,https://callink.berkeley.edu/organization/publicationsandmediaboard
ASUC Government Programs,https://callink.berkeley.edu/organization/srf
ASUC Government Programs,https://callink.berkeley.edu/organization/superb
ASUC Government Programs,https://callink.berkeley.edu/organization/ethnicstudies5th
ASUC Government Programs,https://callink.berkeley.edu/organization/iclick
Berkeley Public Service Center Designated,https://callink.berkeley.edu/organization/alternativebreaks
Berkeley Public Service Center Designated,https://callink.berkeley.edu/organization/calinthecapital
Berkeley Public Service Center Designated,https://callink.berkeley.edu/organization/mvab
Berkeley Public Service Center Designated,https://callink.berkeley.edu/organization/spareapair
CalGreeks Fraternity & Sorority Affinity Groups,https://callink.berkeley.edu/organization/cat
CalGreeks Fraternity & Sorority Affinity Groups,https://callink.berkeley.edu/organization/greeksagainstsexualassault
CalGreeks Fraternity & Sorority Affinity Groups,https://callink.berkeley.edu/organization/greeningthegreeks
CalGreeks Fraternity & Sorority Affinity Groups,https://callink.berkeley.edu/organization/inter-fraternitycouncil
CalGreeks Fraternity & Sorority Affinity Groups,https://callink.berkeley.edu/organization/multiculturalgreekcouncil
CalGreeks Fraternity & Sorority Affinity Groups,https://callink.berkeley.edu/organization/nphc
CalGreeks Fraternity & Sorority Affinity Groups,https://callink.berkeley.edu/organization/collegepanhellenicassociation
CalGreeks Fraternity & Sorority Affinity Groups,https://callink.berkeley.edu/organization/queeks
CalGreeks Interfraternity Council (IFC) Fraternities,https://callink.berkeley.edu/organization/acacia
CalGreeks Interfraternity Council (IFC) Fraternities,https://callink.berkeley.edu/organization/alphadeltaphi
CalGreeks Interfraternity Council (IFC) Fraternities,https://callink.berkeley.edu/organization/alphaepsilonpifraternityxachapter
CalGreeks Interfraternity Council (IFC) Fraternities,https://callink.berkeley.edu/organization/alphagammaomega
CalGreeks Interfraternity Council (IFC) Fraternities,https://callink.berkeley.edu/organization/alphasigmaphi
CalGreeks Interfraternity Council (IFC) Fraternities,https://callink.berkeley.edu/organization/alphatauomega
CalGreeks Interfraternity Council (IFC) Fraternities,https://callink.berkeley.edu/organization/chipsi
CalGreeks Interfraternity Council (IFC) Fraternities,https://callink.berkeley.edu/organization/deltaupsilon
CalGreeks Interfraternity Council (IFC) Fraternities,https://callink.berkeley.edu/organization/kappaalphaorder
CalGreeks Interfraternity Council (IFC) Fraternities,https://callink.berkeley.edu/organization/phideltatheta
CalGreeks Multicultural Greek Council (MCGC) Fraternities & Sororities,https://callink.berkeley.edu/organization/akdphi
CalGreeks Multicultural Greek Council (MCGC) Fraternities & Sororities,https://callink.berkeley.edu/organization/alphaepsilonomega
CalGreeks Multicultural Greek Council (MCGC) Fraternities & Sororities,https://callink.berkeley.edu/organization/deltaxiphi
CalGreeks Multicultural Greek Council (MCGC) Fraternities & Sororities,https://callink.berkeley.edu/organization/gammarholambda
CalGreeks Multicultural Greek Council (MCGC) Fraternities & Sororities,https://callink.berkeley.edu/organization/gammas
CalGreeks Multicultural Greek Council (MCGC) Fraternities & Sororities,https://callink.berkeley.edu/organization/lambdathetaalpha
CalGreeks Multicultural Greek Council (MCGC) Fraternities & Sororities,https://callink.berkeley.edu/organization/lambdathetanu
CalGreeks Multicultural Greek Council (MCGC) Fraternities & Sororities,https://callink.berkeley.edu/organization/lambdathetaphi
CalGreeks Multicultural Greek Council (MCGC) Fraternities & Sororities,https://callink.berkeley.edu/organization/lul
CalGreeks Multicultural Greek Council (MCGC) Fraternities & Sororities,https://callink.berkeley.edu/organization/philambdarho
CalGreeks National Pan-Hellenic Council (NPHC) Fraternities & Sororities,https://callink.berkeley.edu/organization/alphakappaalphasorority
CalGreeks National Pan-Hellenic Council (NPHC) Fraternities & Sororities,https://callink.berkeley.edu/organization/alphaphialphafraternity
CalGreeks National Pan-Hellenic Council (NPHC) Fraternities & Sororities,https://callink.berkeley.edu/organization/deltasigmatheta
CalGreeks National Pan-Hellenic Council (NPHC) Fraternities & Sororities,https://callink.berkeley.edu/organization/kappaalphapsi
CalGreeks National Pan-Hellenic Council (NPHC) Fraternities & Sororities,https://callink.berkeley.edu/organization/opp
CalGreeks National Pan-Hellenic Council (NPHC) Fraternities & Sororities,https://callink.berkeley.edu/organization/sigmagammarho
CalGreeks Panhellenic Council (PHC) Sororities,https://callink.berkeley.edu/organization/alphachiomega
CalGreeks Panhellenic Council (PHC) Sororities,https://callink.berkeley.edu/organization/alphadeltapi
CalGreeks Panhellenic Council (PHC) Sororities,https://callink.berkeley.edu/organization/alphaphi
CalGreeks Panhellenic Council (PHC) Sororities,https://callink.berkeley.edu/organization/chiomega
CalGreeks Panhellenic Council (PHC) Sororities,https://callink.berkeley.edu/organization/deltadeltadelta
CalGreeks Panhellenic Council (PHC) Sororities,https://callink.berkeley.edu/organization/deltagamma
CalGreeks Panhellenic Council (PHC) Sororities,https://callink.berkeley.edu/organization/deltasigma
CalGreeks Panhellenic Council (PHC) Sororities,https://callink.berkeley.edu/organization/gammaphibeta
CalGreeks Panhellenic Council (PHC) Sororities,https://callink.berkeley.edu/organization/kappaalphatheta
CalGreeks Panhellenic Council (PHC) Sororities,https://callink.berkeley.edu/organization/kappakappagamma
Campus Departments,https://callink.berkeley.edu/organization/berkeleystudentleadershipacademy
Campus Departments,https://callink.berkeley.edu/organization/bmogrant
Campus Departments,https://callink.berkeley.edu/organization/aasd
Campus Departments,https://callink.berkeley.edu/organization/africanamericanstudies
Campus Departments,https://callink.berkeley.edu/organization/asianamericanstudies
Campus Departments,https://callink.berkeley.edu/organization/apasd
Campus Departments,https://callink.berkeley.edu/organization/bearsforfinancialsuccess
Campus Departments,https://callink.berkeley.edu/organization/artstudio
Campus Departments,https://callink.berkeley.edu/organization/berkeleyinternationaloffice
Campus Departments,https://callink.berkeley.edu/organization/berkeleylanguagecenter
Cultural & Identity/Cultural & Ethnic,https://callink.berkeley.edu/organization/artisticnerds4theatreinclusivity
Cultural & Identity/Cultural & Ethnic,https://callink.berkeley.edu/organization/gaamericanindiangraduatestudentassociation
Cultural & Identity/Cultural & Ethnic,https://callink.berkeley.edu/organization/studentsforamericansignlanguageatberkeley
Cultural & Identity/Cultural & Ethnic,https://callink.berkeley.edu/organization/armenianphs
Cultural & Identity/Cultural & Ethnic,https://callink.berkeley.edu/organization/asianamericanassociation
Cultural & Identity/Cultural & Ethnic,https://callink.berkeley.edu/organization/asianpacificamericanpre-lawassn
Cultural & Identity/Cultural & Ethnic,https://callink.berkeley.edu/organization/apiswc
Cultural & Identity/Cultural & Ethnic,https://callink.berkeley.edu/organization/bessa
Cultural & Identity/Cultural & Ethnic,https://callink.berkeley.edu/organization/gablackgraduateengineeringandscience
Cultural & Identity/Cultural & Ethnic,https://callink.berkeley.edu/organization/bgsa
